sludinajuma_saite,bilde,marka,modelis,gads,nobraukums
/msg/lv/transport/cars/volkswagen/golf-plus/cefxlp.html,https://i.ss.lv/gallery/7/1326/331363/66272466.th2.jpg,Volkswagen,Golf Plus,2011,
/msg/lv/transport/cars/volkswagen/jetta/eebde.html,https://i.ss.lv/gallery/7/1324/330872/66174377.th2.jpg,Volkswagen,Jetta,2013,
/msg/lv/transport/cars/bmw/320/dbngf.html,https://i.ss.lv/gallery/7/1313/328088/65617580.th2.jpg,Bmw,320,2013,
/msg/lv/transport/cars/audi/a4/bdcidi.html,https://i.ss.lv/gallery/7/1325/331102/66220253.th2.jpg,Audi,A4,2002,
/msg/lv/transport/cars/volkswagen/golf-7/bpmmhp.html,https://i.ss.lv/gallery/7/1321/330100/66019943.th2.jpg,Volkswagen,Golf 7,2019,
/msg/lv/transport/cars/volvo/v50/bbficn.html,https://i.ss.lv/gallery/7/1318/329329/65865614.th2.jpg,Volvo,V50,2010,
/msg/lv/transport/cars/toyota/rav-4/ceicbh.html,https://i.ss.lv/gallery/7/1326/331323/66264565.th2.jpg,Toyota,RAV 4,2011,
/msg/lv/transport/cars/dodge/ram/ceelx.html,https://i.ss.lv/gallery/7/1309/327105/65420960.th2.jpg,Dodge,RAM,2020,
/msg/lv/transport/cars/audi/a4/bjlmek.html,https://i.ss.lv/gallery/7/1326/331363/66272450.th2.jpg,Audi,A4,1996,
/msg/lv/transport/cars/toyota/proace/ccxgnm.html,https://i.ss.lv/gallery/7/1272/317824/63564652.th2.jpg,Toyota,Proace,2023,
/msg/lv/transport/cars/opel/meriva/dblhk.html,https://i.ss.lv/gallery/7/1306/326416/65283093.th2.jpg,Opel,Meriva,2007,
/msg/lv/transport/cars/ford/another/bjilx.html,https://i.ss.lv/gallery/7/1273/318182/63636266.th2.jpg,Ford,Citi,2018,
/msg/lv/transport/cars/skoda/fabia/bdxlg.html,https://i.ss.lv/gallery/7/1281/320127/64025321.th2.jpg,Skoda,Fabia,2023,
/msg/lv/transport/cars/porsche/cayenne/chkpx.html,https://i.ss.lv/gallery/7/1306/326383/65276475.th2.jpg,Porsche,Cayenne,2005,
/msg/lv/transport/cars/toyota/land-cruiser/bemnl.html,https://i.ss.lv/gallery/7/1314/328445/65688920.th2.jpg,Toyota,Land Cruiser,2016,
/msg/lv/transport/cars/alfa-romeo/156/fpmdm.html,https://i.ss.lv/gallery/7/1326/331361/66272135.th2.jpg,Alfa romeo,156,2005,
/msg/lv/transport/cars/skoda/octavia/cxxnco.html,https://i.ss.lv/gallery/7/1321/330128/66025452.th2.jpg,Skoda,Octavia,2024,
/msg/lv/transport/cars/skoda/superb/ceixcj.html,https://i.ss.lv/gallery/7/1326/331357/66271386.th2.jpg,Skoda,Superb,2015,
/msg/lv/transport/cars/mercedes/c180/dpxcj.html,https://i.ss.lv/gallery/7/1227/306666/61333151.th2.jpg,Mercedes,C180,2003,
/msg/lv/transport/cars/volkswagen/touran/bpfonk.html,https://i.ss.lv/gallery/7/1293/323062/64612342.th2.jpg,Volkswagen,Touran,2012,
/msg/lv/transport/cars/nissan/x-trail/bnxxpl.html,https://i.ss.lv/gallery/7/1309/327111/65422163.th2.jpg,Nissan,X-Trail,2008,
/msg/lv/transport/cars/mini/cooper/jkonh.html,https://i.ss.lv/gallery/7/1326/331361/66272116.th2.jpg,Mini,Cooper,2007,
/msg/lv/transport/cars/ford/transit/encoi.html,https://i.ss.lv/gallery/7/1326/331361/66272177.th2.jpg,Ford,Transit,2009,
/msg/lv/transport/cars/porsche/cayenne/cfnkbi.html,https://i.ss.lv/gallery/7/1326/331345/66268975.th2.jpg,Porsche,Cayenne,2018,
/msg/lv/transport/cars/skoda/octavia/cbookc.html,https://i.ss.lv/gallery/7/1293/323119/64623793.th2.jpg,Skoda,Octavia,2021,
/msg/lv/transport/cars/volkswagen/polo/bjfphx.html,https://i.ss.lv/gallery/7/1326/331361/66272008.th2.jpg,Volkswagen,Polo,2010,
/msg/lv/transport/cars/volvo/xc70/cdohfx.html,https://i.ss.lv/gallery/7/1321/330029/66005601.th2.jpg,Volvo,XC 70,2009,
/msg/lv/transport/cars/volvo/v90/cbjdpo.html,https://i.ss.lv/gallery/7/1319/329507/65901398.th2.jpg,Volvo,V90,2018,
/msg/lv/transport/cars/audi/a3/cejcff.html,https://i.ss.lv/gallery/7/1326/331360/66271975.th2.jpg,Audi,A3,1999,
/msg/lv/transport/cars/nissan/primastar/bomcxl.html,https://i.ss.lv/gallery/7/1319/329522/65904275.th2.jpg,Nissan,Primastar,2004,
/msg/lv/transport/cars/volvo/xc60/ceiixk.html,https://i.ss.lv/gallery/7/1326/331360/66271854.th2.jpg,Volvo,XC 60,2009,
/msg/lv/transport/cars/volkswagen/passat-b7/cdhdkh.html,https://i.ss.lv/gallery/7/1326/331332/66266203.th2.jpg,Volkswagen,Passat (B7),2011,
/msg/lv/transport/cars/mercedes/vito/djcel.html,https://i.ss.lv/gallery/7/1306/326353/65270554.th2.jpg,Mercedes,Vito,2008,
/msg/lv/transport/cars/bmw/316/hdhhb.html,https://i.ss.lv/gallery/7/1323/330737/66147360.th2.jpg,Bmw,316,1998,
/msg/lv/transport/cars/volvo/v70/cefkph.html,https://i.ss.lv/gallery/7/1326/331359/66271781.th2.jpg,Volvo,V70,1997,
/msg/lv/transport/cars/volvo/v70/ceexcm.html,https://i.ss.lv/gallery/7/1305/326101/65220070.th2.jpg,Volvo,V70,2008,
/msg/lv/transport/cars/mazda/mazda6/cixgf.html,https://i.ss.lv/gallery/7/1326/331360/66271922.th2.jpg,Mazda,Mazda6,2016,
/msg/lv/transport/cars/opel/insignia/cefdee.html,https://i.ss.lv/gallery/7/1326/331350/66269839.th2.jpg,Opel,Insignia,2019,
/msg/lv/transport/cars/volkswagen/touareg/cdhbkd.html,https://i.ss.lv/gallery/7/1326/331360/66271855.th2.jpg,Volkswagen,Touareg,2006,
/msg/lv/transport/cars/ford/f150/bomxmp.html,https://i.ss.lv/gallery/7/1326/331357/66271369.th2.jpg,Ford,F150,2002,
/msg/lv/transport/cars/nissan/qashqai/cdincd.html,https://i.ss.lv/gallery/7/1326/331360/66271886.th2.jpg,Nissan,Qashqai,2013,
/msg/lv/transport/cars/ford/b-max/bpboio.html,https://i.ss.lv/gallery/7/1276/318823/63764440.th2.jpg,Ford,B-Max,2013,
/msg/lv/transport/cars/opel/zafira/bbfoe.html,https://i.ss.lv/gallery/7/1305/326035/65206855.th2.jpg,Opel,Zafira,2012,
/msg/lv/transport/cars/bmw/320/cdchjx.html,https://i.ss.lv/gallery/7/1326/331359/66271763.th2.jpg,Bmw,320,2003,
/msg/lv/transport/cars/mitsubishi/pajero/cfjko.html,https://i.ss.lv/gallery/7/1306/326427/65285362.th2.jpg,Mitsubishi,Pajero,2006,
/msg/lv/transport/cars/opel/astra/gxbmg.html,https://i.ss.lv/gallery/7/1322/330426/66085168.th2.jpg,Opel,Astra,2020,
/msg/lv/transport/cars/jeep/grand-cherokee/dbnod.html,https://i.ss.lv/gallery/7/1301/325065/65012957.th2.jpg,Jeep,Grand Cherokee,2013,
/msg/lv/transport/cars/peugeot/508/cbmkln.html,https://i.ss.lv/gallery/7/1319/329503/65900482.th2.jpg,Peugeot,508,2014,
/msg/lv/transport/cars/skoda/octavia/cchiob.html,https://i.ss.lv/gallery/7/1298/324275/64854987.th2.jpg,Skoda,Octavia,2013,
/msg/lv/transport/cars/volkswagen/touran/cdlgfx.html,https://i.ss.lv/gallery/7/1321/330115/66022992.th2.jpg,Volkswagen,Touran,2008,
/msg/lv/transport/cars/bmw/320/ccoinc.html,https://i.ss.lv/gallery/7/1326/331359/66271693.th2.jpg,Bmw,320,2005,
/msg/lv/transport/cars/volkswagen/polo/bkpolx.html,https://i.ss.lv/gallery/7/1326/331359/66271698.th2.jpg,Volkswagen,Polo,2019,
/msg/lv/transport/cars/audi/a6/bihmxi.html,https://i.ss.lv/gallery/7/1326/331359/66271614.th2.jpg,Audi,A6,2000,
/msg/lv/transport/cars/peugeot/207/bdlxmd.html,https://i.ss.lv/gallery/7/1326/331359/66271643.th2.jpg,Peugeot,207,2011,
/msg/lv/transport/cars/citroen/jumper/bgmgjf.html,https://i.ss.lv/gallery/7/1323/330533/66106535.th2.jpg,Citroen,Jumper,2008,
/msg/lv/transport/cars/volkswagen/multivan/cfnkcj.html,https://i.ss.lv/gallery/7/1326/331358/66271562.th2.jpg,Volkswagen,Multivan,2002,
/msg/lv/transport/cars/renault/espace/gmdfn.html,https://i.ss.lv/gallery/7/1326/331358/66271532.th2.jpg,Renault,Espace,2015,
/msg/lv/transport/cars/renault/clio/lmdjl.html,https://i.ss.lv/gallery/7/1313/328192/65638365.th2.jpg,Renault,Clio,2015,
/msg/lv/transport/cars/exclusive-cars/cffenf.html,https://i.ss.lv/gallery/7/1273/318145/63628878.th2.jpg,-,-,1994,
/msg/lv/transport/cars/renault/scenic/pxxng.html,https://i.ss.lv/gallery/7/1326/331358/66271507.th2.jpg,Renault,Scenic,2016,
/msg/lv/transport/cars/renault/espace/kxkld.html,https://i.ss.lv/gallery/7/1291/322659/64531711.th2.jpg,Renault,Espace,2016,
/msg/lv/transport/cars/audi/q5/cbopkx.html,https://i.ss.lv/gallery/7/1306/326425/65284833.th2.jpg,Audi,Q5,2014,
/msg/lv/transport/cars/bmw/320/cbiip.html,https://i.ss.lv/gallery/7/1273/318059/63611665.th2.jpg,Bmw,320,2012,
/msg/lv/transport/cars/volkswagen/touareg/bhlomh.html,https://i.ss.lv/gallery/7/1303/325583/65116442.th2.jpg,Volkswagen,Touareg,2010,
/msg/lv/transport/cars/volvo/v70/blxnfh.html,https://i.ss.lv/gallery/6/1189/297226/59445179.th2.jpg,Volvo,V70,2014,
/msg/lv/transport/cars/volvo/v70/biebpd.html,https://i.ss.lv/gallery/7/1306/326253/65250475.th2.jpg,Volvo,V70,2014,
/msg/lv/transport/cars/nissan/qashqai/cdkfgc.html,https://i.ss.lv/gallery/7/1317/329072/65814265.th2.jpg,Nissan,Qashqai,2017,
/msg/lv/transport/cars/volvo/xc-40/ceekek.html,https://i.ss.lv/gallery/7/1326/331358/66271451.th2.jpg,Volvo,XC 40,2022,
/msg/lv/transport/cars/tesla/model-3/cfnkch.html,https://i.ss.lv/gallery/7/1326/331357/66271321.th2.jpg,Tesla,Model 3,2019,
/msg/lv/transport/cars/volvo/v60/ceehoh.html,https://i.ss.lv/gallery/7/1321/330139/66027793.th2.jpg,Volvo,V60,2015,
/msg/lv/transport/cars/volkswagen/passat-b7/ccxdhc.html,https://i.ss.lv/gallery/7/1324/331000/66199881.th2.jpg,Volkswagen,Passat (B7),2011,
/msg/lv/transport/cars/volkswagen/passat-b8/ceellk.html,https://i.ss.lv/gallery/7/1326/331357/66271231.th2.jpg,Volkswagen,Passat (B8),2019,
/msg/lv/transport/cars/audi/a6/bjmoed.html,https://i.ss.lv/gallery/7/1326/331355/66270908.th2.jpg,Audi,A6,2015,
/msg/lv/transport/cars/bmw/x6/cejcim.html,https://i.ss.lv/gallery/7/1326/331326/66265167.th2.jpg,Bmw,X6,2015,
/msg/lv/transport/cars/mercedes/b180/hmgpb.html,https://i.ss.lv/gallery/7/1318/329496/65899038.th2.jpg,Mercedes,B180,2010,
/msg/lv/transport/cars/volvo/v60/cdnhdh.html,https://i.ss.lv/gallery/7/1319/329570/65913946.th2.jpg,Volvo,V60,2015,
/msg/lv/transport/cars/volkswagen/golf-6/cdldjj.html,https://i.ss.lv/gallery/7/1326/331356/66271197.th2.jpg,Volkswagen,Golf 6,2011,
/msg/lv/transport/cars/lexus/rx/cglge.html,https://i.ss.lv/gallery/6/1142/285349/57069800.th2.jpg,Lexus,RX,2010,
/msg/lv/transport/cars/audi/a8/fxknp.html,https://i.ss.lv/gallery/7/1269/317204/63440689.th2.jpg,Audi,A8,2005,
/msg/lv/transport/cars/mitsubishi/outlander/cfhfcd.html,https://i.ss.lv/gallery/7/1281/320176/64035086.th2.jpg,Mitsubishi,Outlander,2013,
/msg/lv/transport/cars/opel/zafira/bcxgik.html,https://i.ss.lv/gallery/7/1300/324993/64998499.th2.jpg,Opel,Zafira,2012,
/msg/lv/transport/cars/land-rover/range-rover-sport/celkbx.html,https://i.ss.lv/gallery/7/1255/313724/62744692.th2.jpg,Land Rover,Range Rover Sport,2006,
/msg/lv/transport/cars/volkswagen/crafter/cbonxb.html,https://i.ss.lv/gallery/7/1326/331357/66271236.th2.jpg,Volkswagen,Crafter,2011,
/msg/lv/transport/cars/volvo/v60/ccfbfe.html,https://i.ss.lv/gallery/7/1209/302103/60420557.th2.jpg,Volvo,V60,2012,
/msg/lv/transport/cars/seat/ibiza/beggod.html,https://i.ss.lv/gallery/7/1326/331357/66271227.th2.jpg,Seat,Ibiza,2011,
/msg/lv/transport/cars/opel/corsa/bjpxek.html,https://i.ss.lv/gallery/7/1326/331356/66271167.th2.jpg,Opel,Corsa,2008,
/msg/lv/transport/cars/bmw/x5/fpcgc.html,https://i.ss.lv/gallery/7/1267/316739/63347706.th2.jpg,Bmw,X5,2021,
/msg/lv/transport/cars/volvo/s60/bklfoc.html,https://i.ss.lv/gallery/7/1326/331356/66271124.th2.jpg,Volvo,S60,2002,
/msg/lv/transport/cars/volkswagen/passat-b6/bdfpnk.html,https://i.ss.lv/gallery/7/1325/331164/66232660.th2.jpg,Volkswagen,Passat (B6),2007,
/msg/lv/transport/cars/opel/combo/cflhcc.html,https://i.ss.lv/gallery/7/1306/326328/65265403.th2.jpg,Opel,Combo,2006,
/msg/lv/transport/cars/opel/mokka/blpixh.html,https://i.ss.lv/gallery/7/1259/314612/62922272.th2.jpg,Opel,Mokka,2013,
/msg/lv/transport/cars/volvo/xc60/cdkpdx.html,https://i.ss.lv/gallery/7/1326/331356/66271134.th2.jpg,Volvo,XC 60,2020,
/msg/lv/transport/cars/bmw/another/cgjlx.html,https://i.ss.lv/gallery/7/1300/324818/64963499.th2.jpg,Bmw,Citi,2021,
/msg/lv/transport/cars/toyota/prius/bibjpm.html,https://i.ss.lv/gallery/7/1213/303104/60620646.th2.jpg,Toyota,Prius,2023,
/msg/lv/transport/cars/mercedes/ml280/cxxein.html,https://i.ss.lv/gallery/7/1326/331356/66271094.th2.jpg,Mercedes,ML280,2006,
/msg/lv/transport/cars/bmw/x4/cdbido.html,https://i.ss.lv/gallery/7/1326/331348/66269590.th2.jpg,Bmw,X4,2019,
/msg/lv/transport/cars/bmw/320/cegxfx.html,https://i.ss.lv/gallery/7/1326/331354/66270657.th2.jpg,Bmw,320,2005,
/msg/lv/transport/cars/volvo/xc60/cdlhxn.html,https://i.ss.lv/gallery/7/1319/329508/65901436.th2.jpg,Volvo,XC 60,2009,
/msg/lv/transport/cars/volvo/v60/cemhkd.html,https://i.ss.lv/gallery/7/1326/331353/66270447.th2.jpg,Volvo,V60,2019,
/msg/lv/transport/cars/opel/zafira/bbmxkb.html,https://i.ss.lv/gallery/7/1326/331355/66270873.th2.jpg,Opel,Zafira,2005,
/msg/lv/transport/cars/volkswagen/golf-4/befhgd.html,https://i.ss.lv/gallery/7/1318/329275/65854918.th2.jpg,Volkswagen,Golf 4,2000,
/msg/lv/transport/cars/volvo/xc90/cegxoj.html,https://i.ss.lv/gallery/7/1326/331350/66269962.th2.jpg,Volvo,XC 90,2011,
/msg/lv/transport/cars/bmw/530/cefbjg.html,https://i.ss.lv/gallery/7/1325/331155/66230980.th2.jpg,Bmw,530,2000,
/msg/lv/transport/cars/audi/a4/bkjbxn.html,https://i.ss.lv/gallery/7/1326/331355/66270976.th2.jpg,Audi,A4,2012,
/msg/lv/transport/cars/audi/a6/bkxcb.html,https://i.ss.lv/gallery/7/1205/301137/60227263.th2.jpg,Audi,A6,2007,
/msg/lv/transport/cars/volkswagen/passat-b4/nxibx.html,https://i.ss.lv/gallery/7/1326/331355/66270939.th2.jpg,Volkswagen,Passat (B4),1998,
/msg/lv/transport/cars/bmw/218/cxxidp.html,https://i.ss.lv/gallery/7/1326/331355/66270840.th2.jpg,Bmw,218,2014,
/msg/lv/transport/cars/ford/kuga/cdghng.html,https://i.ss.lv/gallery/7/1300/324777/64955366.th2.jpg,Ford,Kuga,2014,
/msg/lv/transport/cars/volkswagen/golf-plus/blkndg.html,https://i.ss.lv/gallery/7/1317/329128/65825509.th2.jpg,Volkswagen,Golf Plus,2007,
/msg/lv/transport/cars/toyota/corolla/cffifl.html,https://i.ss.lv/gallery/7/1300/324870/64973964.th2.jpg,Toyota,Corolla,2005,
/msg/lv/transport/cars/volvo/s60/bhjfol.html,https://i.ss.lv/gallery/7/1314/328447/65689285.th2.jpg,Volvo,S60,2012,
/msg/lv/transport/cars/ford/transit/bpidb.html,https://i.ss.lv/gallery/7/1308/326889/65377750.th2.jpg,Ford,Transit,2018,
/msg/lv/transport/cars/mazda/mazda3/himif.html,https://i.ss.lv/gallery/7/1326/331334/66266787.th2.jpg,Mazda,Mazda3,2011,
/msg/lv/transport/cars/volvo/s60/blccgf.html,https://i.ss.lv/gallery/7/1289/322204/64440789.th2.jpg,Volvo,S60,2020,
/msg/lv/transport/cars/seat/tarraco/cfimem.html,https://i.ss.lv/gallery/7/1288/321967/64393254.th2.jpg,Seat,Tarraco,2020,
/msg/lv/transport/cars/toyota/corolla/cffleh.html,https://i.ss.lv/gallery/7/1275/318582/63716359.th2.jpg,Toyota,Corolla,2023,
/msg/lv/transport/cars/skoda/superb/cfjkgj.html,https://i.ss.lv/gallery/7/1293/323106/64621146.th2.jpg,Skoda,Superb,2019,
/msg/lv/transport/cars/lancia/voyager/bomxdg.html,https://i.ss.lv/gallery/7/1326/331353/66270567.th2.jpg,Lancia,Voyager,2012,
/msg/lv/transport/cars/peugeot/208/cdeegd.html,https://i.ss.lv/gallery/7/1315/328591/65718013.th2.jpg,Peugeot,208,2021,
/msg/lv/transport/cars/kia/ceed/ccdjdi.html,https://i.ss.lv/gallery/7/1308/326834/65366798.th2.jpg,Kia,Ceed,2021,
/msg/lv/transport/cars/audi/a4/cpfmo.html,https://i.ss.lv/gallery/7/1286/321457/64291298.th2.jpg,Audi,A4,2016,
/msg/lv/transport/cars/hyundai/ioniq/cchphp.html,https://i.ss.lv/gallery/7/1295/323725/64744848.th2.jpg,Hyundai,Ioniq,2021,
/msg/lv/transport/cars/audi/allroad/bigpje.html,https://i.ss.lv/gallery/7/1305/326010/65201950.th2.jpg,Audi,Allroad,2013,
/msg/lv/transport/cars/mercedes/s320/abjxd.html,https://i.ss.lv/gallery/7/1326/331353/66270495.th2.jpg,Mercedes,S320,2007,
/msg/lv/transport/cars/skoda/karoq/cbmppl.html,https://i.ss.lv/gallery/7/1307/326666/65333174.th2.jpg,Skoda,Karoq,2019,
/msg/lv/transport/cars/mercedes/c220/aejhn.html,https://i.ss.lv/gallery/7/1326/331353/66270401.th2.jpg,Mercedes,C220,2019,
/msg/lv/transport/cars/opel/zafira/beljdp.html,https://i.ss.lv/gallery/7/1326/331353/66270467.th2.jpg,Opel,Zafira,2005,
/msg/lv/transport/cars/audi/a6/bbjjbi.html,https://i.ss.lv/gallery/7/1321/330122/66024285.th2.jpg,Audi,A6,2005,
/msg/lv/transport/cars/skoda/rapid/ceedoj.html,https://i.ss.lv/gallery/7/1250/312305/62460854.th2.jpg,Skoda,Rapid,2019,
/msg/lv/transport/cars/bmw/320/cejgcm.html,https://i.ss.lv/gallery/7/1326/331352/66270386.th2.jpg,Bmw,320,2003,
/msg/lv/transport/cars/ford/galaxy/bblclo.html,https://i.ss.lv/gallery/7/1325/331230/66245824.th2.jpg,Ford,Galaxy,2004,
/msg/lv/transport/cars/electric-cars/cbinno.html,https://i.ss.lv/gallery/7/1320/329940/65987899.th2.jpg,Vw,-,2020,
/msg/lv/transport/cars/ford/mondeo/gplel.html,https://i.ss.lv/gallery/7/1326/331352/66270330.th2.jpg,Ford,Mondeo,2007,
/msg/lv/transport/cars/volvo/xc60/ccjkkj.html,https://i.ss.lv/gallery/7/1301/325214/65042782.th2.jpg,Volvo,XC 60,2011,
/msg/lv/transport/cars/toyota/corolla-verso/cebxcb.html,https://i.ss.lv/gallery/7/1326/331352/66270370.th2.jpg,Toyota,Corolla Verso,2008,
/msg/lv/transport/cars/bmw/525/gjigi.html,https://i.ss.lv/gallery/7/1270/317375/63474979.th2.jpg,Bmw,525,2011,
/msg/lv/transport/cars/opel/zafira/bcxpib.html,https://i.ss.lv/gallery/7/1315/328669/65733686.th2.jpg,Opel,Zafira,2012,
/msg/lv/transport/cars/volvo/xc60/cchixj.html,https://i.ss.lv/gallery/7/1301/325081/65016078.th2.jpg,Volvo,XC 60,2014,
/msg/lv/transport/cars/volvo/xc90/cdmpfx.html,https://i.ss.lv/gallery/7/1244/310815/62162921.th2.jpg,Volvo,XC 90,2021,
/msg/lv/transport/cars/opel/movano/bbijgp.html,https://i.ss.lv/gallery/7/1280/319860/63971945.th2.jpg,Opel,Movano,2016,
/msg/lv/transport/cars/renault/trafic/ccxcnl.html,https://i.ss.lv/gallery/7/1290/322356/64471094.th2.jpg,Renault,Trafic,2010,
/msg/lv/transport/cars/ford/transit/bhckpn.html,https://i.ss.lv/gallery/7/1306/326266/65253013.th2.jpg,Ford,Transit,2017,
/msg/lv/transport/cars/audi/q7/ccnplg.html,https://i.ss.lv/gallery/7/1315/328667/65733356.th2.jpg,Audi,Q7,2012,
/msg/lv/transport/cars/ford/galaxy/beodxm.html,https://i.ss.lv/gallery/7/1264/315889/63177640.th2.jpg,Ford,Galaxy,2010,
/msg/lv/transport/cars/volkswagen/golf-plus/cxxgbo.html,https://i.ss.lv/gallery/7/1297/324234/64846625.th2.jpg,Volkswagen,Golf Plus,2005,
/msg/lv/transport/cars/bmw/x1/bmikpe.html,https://i.ss.lv/gallery/7/1262/315282/63056288.th2.jpg,Bmw,X1,2013,
/msg/lv/transport/cars/audi/q7/cfhxxb.html,https://i.ss.lv/gallery/7/1280/319870/63973864.th2.jpg,Audi,Q7,2016,
/msg/lv/transport/cars/skoda/octavia/cceppo.html,https://i.ss.lv/gallery/7/1289/322209/64441625.th2.jpg,Skoda,Octavia,2018,
/msg/lv/transport/cars/bmw/320/ccobxb.html,https://i.ss.lv/gallery/7/1309/327104/65420657.th2.jpg,Bmw,320,2006,
/msg/lv/transport/cars/mitsubishi/outlander/cexefp.html,https://i.ss.lv/gallery/7/1326/331351/66270054.th2.jpg,Mitsubishi,Outlander,2007,
/msg/lv/transport/cars/volvo/xc90/cciojl.html,https://i.ss.lv/gallery/7/1315/328630/65725809.th2.jpg,Volvo,XC 90,2004,
/msg/lv/transport/cars/opel/insignia/cdgdjg.html,https://i.ss.lv/gallery/7/1326/331352/66270267.th2.jpg,Opel,Insignia,2009,
/msg/lv/transport/cars/volkswagen/transporter/bfbchf.html,https://i.ss.lv/gallery/7/1313/328239/65647610.th2.jpg,Volkswagen,Transporter,2010,
/msg/lv/transport/cars/mazda/mx/cfnkxf.html,https://i.ss.lv/gallery/7/1326/331338/66267578.th2.jpg,Mazda,MX,2021,
/msg/lv/transport/cars/mercedes/c200/bxhohi.html,https://i.ss.lv/gallery/7/1326/331347/66269388.th2.jpg,Mercedes,C200,2011,
/msg/lv/transport/cars/audi/a6/fixgn.html,https://i.ss.lv/gallery/7/1326/331352/66270227.th2.jpg,Audi,A6,2007,
/msg/lv/transport/cars/nissan/qashqai/cbpxfk.html,https://i.ss.lv/gallery/7/1294/323256/64651084.th2.jpg,Nissan,Qashqai,2014,
/msg/lv/transport/cars/land-rover/range-rover/blhgil.html,https://i.ss.lv/gallery/7/1308/326759/65351673.th2.jpg,Land Rover,Range Rover,2002,
/msg/lv/transport/cars/volvo/xc90/bpixnb.html,https://i.ss.lv/gallery/7/1304/325785/65156970.th2.jpg,Volvo,XC 90,2004,
/msg/lv/transport/cars/opel/vivaro/bhgbno.html,https://i.ss.lv/gallery/7/1326/331351/66270043.th2.jpg,Opel,Vivaro,2007,
/msg/lv/transport/cars/mercedes/r320/cbifod.html,https://i.ss.lv/gallery/7/1312/327842/65568342.th2.jpg,Mercedes,R320,2006,
/msg/lv/transport/cars/fiat/punto/hgmie.html,https://i.ss.lv/gallery/7/1326/331346/66269039.th2.jpg,Fiat,Punto,2010,
/msg/lv/transport/cars/bmw/x5/ceeebk.html,https://i.ss.lv/gallery/7/1325/331148/66229495.th2.jpg,Bmw,X5,2004,
/msg/lv/transport/cars/audi/a6/bicglh.html,https://i.ss.lv/gallery/7/1326/331351/66270003.th2.jpg,Audi,A6,2006,
/msg/lv/transport/cars/bmw/530/cjpnm.html,https://i.ss.lv/gallery/7/1322/330316/66063121.th2.jpg,Bmw,530,2011,
/msg/lv/transport/cars/kia/sportage/ceinnh.html,https://i.ss.lv/gallery/7/1253/313234/62646654.th2.jpg,Kia,Sportage,2010,
/msg/lv/transport/cars/volkswagen/tiguan/cbbnhi.html,https://i.ss.lv/gallery/7/1286/321358/64271558.th2.jpg,Volkswagen,Tiguan,2013,
/msg/lv/transport/cars/audi/a3/cdmexk.html,https://i.ss.lv/gallery/7/1326/331352/66270232.th2.jpg,Audi,A3,2003,
/msg/lv/transport/cars/bmw/x5/ceelcp.html,https://i.ss.lv/gallery/7/1322/330450/66089965.th2.jpg,Bmw,X5,2016,
/msg/lv/transport/cars/mercedes/c220/mpnpj.html,https://i.ss.lv/gallery/7/1319/329509/65901743.th2.jpg,Mercedes,C220,2006,
/msg/lv/transport/cars/peugeot/3008/ceejxn.html,https://i.ss.lv/gallery/7/1250/312383/62476523.th2.jpg,Peugeot,3008,2015,
/msg/lv/transport/cars/toyota/rav-4/fjmig.html,https://i.ss.lv/gallery/7/1206/301279/60255627.th2.jpg,Toyota,RAV 4,2010,
/msg/lv/transport/cars/nissan/qashqai/ceomjc.html,https://i.ss.lv/gallery/7/1259/314626/62925181.th2.jpg,Nissan,Qashqai,2007,
/msg/lv/transport/cars/volkswagen/touran/cdbbjl.html,https://i.ss.lv/gallery/7/1309/327137/65427243.th2.jpg,Volkswagen,Touran,2014,
/msg/lv/transport/cars/opel/movano/bdmgol.html,https://i.ss.lv/gallery/7/1323/330564/66112778.th2.jpg,Opel,Movano,2008,
/msg/lv/transport/cars/volvo/xc60/ledkc.html,https://i.ss.lv/gallery/7/1318/329441/65888143.th2.jpg,Volvo,XC 60,2008,
/msg/lv/transport/cars/volkswagen/golf-4/beibei.html,https://i.ss.lv/gallery/7/1326/331351/66270061.th2.jpg,Volkswagen,Golf 4,1998,
/msg/lv/transport/cars/mitsubishi/evolution/gglix.html,https://i.ss.lv/gallery/6/1180/294773/58954444.th2.jpg,Mitsubishi,Lancer Evolution,2008,
/msg/lv/transport/cars/bmw/520/hgjep.html,https://i.ss.lv/gallery/7/1284/320975/64194997.th2.jpg,Bmw,520,2016,
/msg/lv/transport/cars/mercedes/c220/cfipxg.html,https://i.ss.lv/gallery/7/1290/322294/64458731.th2.jpg,Mercedes,C220,2004,
/msg/lv/transport/cars/volkswagen/passat-b6/bdgejc.html,https://i.ss.lv/gallery/7/1326/331350/66269930.th2.jpg,Volkswagen,Passat (B6),2009,
/msg/lv/transport/cars/volkswagen/t4/pjeek.html,https://i.ss.lv/gallery/7/1326/331268/66253522.th2.jpg,Volkswagen,T4,2002,
/msg/lv/transport/cars/audi/a4/bigpxg.html,https://i.ss.lv/gallery/7/1326/331350/66269831.th2.jpg,Audi,A4,2007,
/msg/lv/transport/cars/electric-cars/cblchj.html,https://i.ss.lv/gallery/6/1079/269662/53932276.th2.jpg,Tesla,-,2021,
/msg/lv/transport/cars/citroen/jumper/bjjnxg.html,https://i.ss.lv/gallery/7/1326/331336/66267008.th2.jpg,Citroen,Jumper,2017,
/msg/lv/transport/cars/chrysler/pacifica/ecomi.html,https://i.ss.lv/gallery/7/1306/326386/65277189.th2.jpg,Chrysler,Pacifica,2018,
/msg/lv/transport/cars/volvo/xc60/ccmxgk.html,https://i.ss.lv/gallery/7/1225/306181/61236083.th2.jpg,Volvo,XC 60,2017,
/msg/lv/transport/cars/audi/allroad/bkpfhl.html,https://i.ss.lv/gallery/6/1116/278883/55776590.th2.jpg,Audi,Allroad,2015,
/msg/lv/transport/cars/bmw/x5/cdnofi.html,https://i.ss.lv/gallery/7/1245/311034/62206727.th2.jpg,Bmw,X5,2020,
/msg/lv/transport/cars/bmw/x6/cclimo.html,https://i.ss.lv/gallery/7/1224/305962/61192357.th2.jpg,Bmw,X6,2020,
/msg/lv/transport/cars/mitsubishi/pajero/cdhgn.html,https://i.ss.lv/gallery/7/1326/331350/66269903.th2.jpg,Mitsubishi,Pajero,2006,
/msg/lv/transport/cars/electric-cars/ceiloe.html,https://i.ss.lv/gallery/7/1326/331329/66265676.th2.jpg,Audi,-,2022,
/msg/lv/transport/cars/bmw/530/cxbmb.html,https://i.ss.lv/gallery/7/1308/326981/65396140.th2.jpg,Bmw,530,2018,
/msg/lv/transport/cars/volvo/s80/gdbjh.html,https://i.ss.lv/gallery/7/1279/319563/63912426.th2.jpg,Volvo,S80,2008,
/msg/lv/transport/cars/volkswagen/tiguan/ccjebg.html,https://i.ss.lv/gallery/7/1317/329108/65821595.th2.jpg,Volkswagen,Tiguan,2018,
/msg/lv/transport/cars/audi/a6/befmx.html,https://i.ss.lv/gallery/7/1299/324675/64934964.th2.jpg,Audi,A6,2006,
/msg/lv/transport/cars/skoda/kodiaq/cfnbjm.html,https://i.ss.lv/gallery/7/1326/331350/66269811.th2.jpg,Skoda,Kodiaq,2025,
/msg/lv/transport/cars/audi/a3/cdpxfp.html,https://i.ss.lv/gallery/7/1311/327666/65533174.th2.jpg,Audi,A3,2003,
/msg/lv/transport/cars/audi/a6/bindfk.html,https://i.ss.lv/gallery/7/1326/331349/66269669.th2.jpg,Audi,A6,2006,
/msg/lv/transport/cars/land-rover/range-rover-sport/ceicxo.html,https://i.ss.lv/gallery/7/1253/313069/62613779.th2.jpg,Land Rover,Range Rover Sport,2016,
/msg/lv/transport/cars/volkswagen/new-beetle/gedxn.html,https://i.ss.lv/gallery/7/1268/316903/63380445.th2.jpg,Volkswagen,Beetle,2013,
/msg/lv/transport/cars/volvo/v60/cegxkf.html,https://i.ss.lv/gallery/7/1326/331349/66269616.th2.jpg,Volvo,V60,2018,
/msg/lv/transport/cars/toyota/yaris/ceiobh.html,https://i.ss.lv/gallery/7/1326/331338/66267402.th2.jpg,Toyota,Yaris,2023,
/msg/lv/transport/cars/opel/zafira/okfpg.html,https://i.ss.lv/gallery/7/1307/326668/65333456.th2.jpg,Opel,Zafira,2009,
/msg/lv/transport/cars/volvo/xc-40/ccdpfl.html,https://i.ss.lv/gallery/7/1292/322767/64553242.th2.jpg,Volvo,XC 40,2018,
/msg/lv/transport/cars/skoda/fabia/cejfej.html,https://i.ss.lv/gallery/7/1326/331329/66265778.th2.jpg,Skoda,Fabia,2008,
/msg/lv/transport/cars/bmw/650/bchfok.html,https://i.ss.lv/gallery/7/1295/323569/64713799.th2.jpg,Bmw,650,2012,
/msg/lv/transport/cars/ford/focusc-max/bddelb.html,https://i.ss.lv/gallery/7/1286/321365/64272900.th2.jpg,Ford,C-Max,2018,
/msg/lv/transport/cars/audi/a2/imkmm.html,https://i.ss.lv/gallery/7/1317/329200/65839941.th2.jpg,Audi,A2,2002,
/msg/lv/transport/cars/volkswagen/lupo/jxebg.html,https://i.ss.lv/gallery/7/1269/317112/63422344.th2.jpg,Volkswagen,Lupo,2000,
/msg/lv/transport/cars/opel/antara/cexhgi.html,https://i.ss.lv/gallery/7/1321/330209/66041765.th2.jpg,Opel,Antara,2014,
/msg/lv/transport/cars/citroen/c3-aircross/ccgxbo.html,https://i.ss.lv/gallery/7/1299/324708/64941521.th2.jpg,Citroen,C3 Aircross,2020,
/msg/lv/transport/cars/audi/e-tron/cbpklx.html,https://i.ss.lv/gallery/7/1326/331329/66265676.th2.jpg,Audi,E-tron,2022,
/msg/lv/transport/cars/volvo/xc90/cejccj.html,https://i.ss.lv/gallery/7/1326/331342/66268375.th2.jpg,Volvo,XC 90,2012,
/msg/lv/transport/cars/audi/a4/biiffo.html,https://i.ss.lv/gallery/7/1326/331349/66269719.th2.jpg,Audi,A4,2000,
/msg/lv/transport/cars/mercedes/e280/kpcch.html,https://i.ss.lv/gallery/7/1326/331349/66269701.th2.jpg,Mercedes,E280,2005,
/msg/lv/transport/cars/audi/a6/gjcfl.html,https://i.ss.lv/gallery/7/1326/331349/66269681.th2.jpg,Audi,A6,2013,
/msg/lv/transport/cars/volvo/xc70/cdppjb.html,https://i.ss.lv/gallery/7/1326/331349/66269611.th2.jpg,Volvo,XC 70,2004,
/msg/lv/transport/cars/bmw/535/cdlpnj.html,https://i.ss.lv/gallery/7/1326/331348/66269586.th2.jpg,Bmw,535,2011,
/msg/lv/transport/cars/mitsubishi/outlander/micod.html,https://i.ss.lv/gallery/7/1308/326932/65386246.th2.jpg,Mitsubishi,Outlander,2013,
/msg/lv/transport/cars/renault/master/ceiflk.html,https://i.ss.lv/gallery/7/1326/331348/66269542.th2.jpg,Renault,Master,2021,
/msg/lv/transport/cars/volkswagen/golf-4/befhlo.html,https://i.ss.lv/gallery/7/1321/330178/66035460.th2.jpg,Volkswagen,Golf 4,2002,
/msg/lv/transport/cars/volvo/s80/bkchdb.html,https://i.ss.lv/gallery/7/1326/331348/66269518.th2.jpg,Volvo,S80,2010,
/msg/lv/transport/cars/nissan/qashqai/cdjbhh.html,https://i.ss.lv/gallery/7/1325/331184/66236701.th2.jpg,Nissan,Qashqai,2020,
/msg/lv/transport/cars/volkswagen/bora/pmgpo.html,https://i.ss.lv/gallery/7/1326/331348/66269575.th2.jpg,Volkswagen,Bora,2005,
/msg/lv/transport/cars/dacia/duster/cemdom.html,https://i.ss.lv/gallery/7/1256/313861/62772119.th2.jpg,Dacia,Duster,2011,
/msg/lv/transport/cars/opel/insignia/bgjkeb.html,https://i.ss.lv/gallery/7/1312/327883/65576478.th2.jpg,Opel,Insignia,2009,
/msg/lv/transport/cars/volvo/v60/bpfobp.html,https://i.ss.lv/gallery/7/1292/322874/64574740.th2.jpg,Volvo,V60,2011,
/msg/lv/transport/cars/renault/twingo/njmep.html,https://i.ss.lv/gallery/7/1289/322093/64418431.th2.jpg,Renault,Twingo,2008,
/msg/lv/transport/cars/ford/s-max/cfhjoo.html,https://i.ss.lv/gallery/7/1326/331348/66269425.th2.jpg,Ford,S-Max,2007,
/msg/lv/transport/cars/toyota/corolla/cdooci.html,https://i.ss.lv/gallery/7/1321/330087/66017223.th2.jpg,Toyota,Corolla,2024,
/msg/lv/transport/cars/peugeot/3008/ceokfm.html,https://i.ss.lv/gallery/7/1259/314560/62911996.th2.jpg,Peugeot,3008,2012,
/msg/lv/transport/cars/bmw/120/cxnobl.html,https://i.ss.lv/gallery/7/1321/330212/66042226.th2.jpg,Bmw,120,2008,
/msg/lv/transport/cars/bmw/320/beoxog.html,https://i.ss.lv/gallery/7/1201/300112/60022378.th2.jpg,Bmw,320,2014,
/msg/lv/transport/cars/skoda/superb/bfgfhg.html,https://i.ss.lv/gallery/7/1324/330869/66173659.th2.jpg,Skoda,Superb,2007,
/msg/lv/transport/cars/volkswagen/polo/bedixk.html,https://i.ss.lv/gallery/7/1326/331348/66269409.th2.jpg,Volkswagen,Polo,2007,
/msg/lv/transport/cars/volvo/v60/cxcxnf.html,https://i.ss.lv/gallery/7/1312/327990/65597806.th2.jpg,Volvo,V60,2016,
/msg/lv/transport/cars/audi/a4/bdggnk.html,https://i.ss.lv/gallery/7/1326/331345/66268923.th2.jpg,Audi,A4,2007,
/msg/lv/transport/cars/land-rover/freelander/bxdbje.html,https://i.ss.lv/gallery/7/1320/329889/65977612.th2.jpg,Land Rover,Freelander,2005,
/msg/lv/transport/cars/volkswagen/golf-3/cpneb.html,https://i.ss.lv/gallery/7/1326/331347/66269267.th2.jpg,Volkswagen,Golf 3,1998,
/msg/lv/transport/cars/audi/a6/dkgii.html,https://i.ss.lv/gallery/7/1326/331347/66269309.th2.jpg,Audi,A6,2017,
/msg/lv/transport/cars/lexus/gs/hlbie.html,https://i.ss.lv/gallery/7/1326/331316/66263119.th2.jpg,Lexus,GS,2007,
/msg/lv/transport/cars/skoda/superb/cegemk.html,https://i.ss.lv/gallery/7/1324/330849/66169783.th2.jpg,Skoda,Superb,2020,
/msg/lv/transport/cars/skoda/octavia/cxxmni.html,https://i.ss.lv/gallery/7/1326/331346/66269152.th2.jpg,Skoda,Octavia,2022,
/msg/lv/transport/cars/mercedes/a180/cfhbkb.html,https://i.ss.lv/gallery/7/1280/319965/63992903.th2.jpg,Mercedes,A180,2010,
/msg/lv/transport/cars/citroen/c1/cechmb.html,https://i.ss.lv/gallery/7/1326/331347/66269237.th2.jpg,Citroen,C1,2006,
/msg/lv/transport/cars/audi/coupe/bjjke.html,https://i.ss.lv/gallery/7/1264/315965/63192816.th2.jpg,Audi,Coupe,1990,
/msg/lv/transport/cars/bmw/530/blfccg.html,https://i.ss.lv/gallery/7/1308/326791/65358113.th2.jpg,Bmw,530,2019,
/msg/lv/transport/cars/bmw/x3/akfmc.html,https://i.ss.lv/gallery/7/1263/315581/63116158.th2.jpg,Bmw,X3,2007,
/msg/lv/transport/cars/opel/astra/apjop.html,https://i.ss.lv/gallery/7/1326/331346/66269008.th2.jpg,Opel,Astra,2010,
/msg/lv/transport/cars/renault/scenic/dibnn.html,https://i.ss.lv/gallery/6/1189/297171/59434116.th2.jpg,Renault,Scenic,2011,
/msg/lv/transport/cars/opel/astra/bdfedn.html,https://i.ss.lv/gallery/7/1223/305605/61120901.th2.jpg,Opel,Astra,2015,
/msg/lv/transport/cars/opel/meriva/aboxo.html,https://i.ss.lv/gallery/7/1326/331346/66269060.th2.jpg,Opel,Meriva,2014,
/msg/lv/transport/cars/skoda/octavia/cdgfbe.html,https://i.ss.lv/gallery/7/1312/327756/65551058.th2.jpg,Skoda,Octavia,2016,
/msg/lv/transport/cars/nissan/qashqai/bbncpe.html,https://i.ss.lv/gallery/7/1272/317893/63578568.th2.jpg,Nissan,Qashqai,2016,
/msg/lv/transport/cars/opel/insignia/ccnhpx.html,https://i.ss.lv/gallery/7/1305/326231/65246158.th2.jpg,Opel,Insignia,2011,
/msg/lv/transport/cars/subaru/impreza/gimlm.html,https://i.ss.lv/gallery/7/1318/329293/65858574.th2.jpg,Subaru,Impreza,2010,
/msg/lv/transport/cars/audi/a6/bidfpg.html,https://i.ss.lv/gallery/7/1324/330986/66197036.th2.jpg,Audi,A6,1998,
/msg/lv/transport/cars/bmw/320/hxnhj.html,https://i.ss.lv/gallery/7/1306/326381/65276071.th2.jpg,Bmw,320,2016,
/msg/lv/transport/cars/volvo/v40/okoec.html,https://i.ss.lv/gallery/7/1326/331346/66269080.th2.jpg,Volvo,V40,1998,
/msg/lv/transport/cars/peugeot/partner/cecjmf.html,https://i.ss.lv/gallery/7/1321/330207/66041337.th2.jpg,Peugeot,Partner,2015,
/msg/lv/transport/cars/hyundai/i40/cciphp.html,https://i.ss.lv/gallery/7/1317/329148/65829542.th2.jpg,Hyundai,i40,2017,
/msg/lv/transport/cars/honda/cr-v/apoel.html,https://i.ss.lv/gallery/7/1326/331346/66269116.th2.jpg,Honda,Cr-v,2014,
/msg/lv/transport/cars/renault/clio/ikomb.html,https://i.ss.lv/gallery/7/1264/315942/63188287.th2.jpg,Renault,Clio,2015,
/msg/lv/transport/cars/audi/a7/cdkox.html,https://i.ss.lv/gallery/7/1323/330620/66123869.th2.jpg,Audi,A7,2011,
/msg/lv/transport/cars/opel/mokka/cdofkl.html,https://i.ss.lv/gallery/7/1326/331346/66269069.th2.jpg,Opel,Mokka,2022,
/msg/lv/transport/cars/electric-cars/cbkmpi.html,https://i.ss.lv/gallery/6/1115/278670/55733902.th2.jpg,Tesla,-,2023,
/msg/lv/transport/cars/electric-cars/cbeobf.html,https://i.ss.lv/gallery/6/1199/299558/59911543.th2.jpg,Tesla,-,2023,
/msg/lv/transport/cars/electric-cars/cbinnd.html,https://i.ss.lv/gallery/6/1094/273400/54679882.th2.jpg,Tesla,-,2023,
/msg/lv/transport/cars/audi/a6/biiofk.html,https://i.ss.lv/gallery/7/1326/331345/66268938.th2.jpg,Audi,A6,2008,
/msg/lv/transport/cars/volkswagen/touran/cegxmj.html,https://i.ss.lv/gallery/7/1326/331346/66269067.th2.jpg,Volkswagen,Touran,2006,
/msg/lv/transport/cars/nissan/qashqai/cdolbe.html,https://i.ss.lv/gallery/7/1326/331344/66268661.th2.jpg,Nissan,Qashqai,2017,
/msg/lv/transport/cars/kia/sorento/bhmchm.html,https://i.ss.lv/gallery/7/1326/331339/66267797.th2.jpg,Kia,Sorento,2024,
/msg/lv/transport/cars/bmw/740/bpemx.html,https://i.ss.lv/gallery/7/1249/312032/62406396.th2.jpg,Bmw,740,2005,
/msg/lv/transport/cars/volvo/xc90/cdkdne.html,https://i.ss.lv/gallery/7/1289/322152/64430237.th2.jpg,Volvo,XC 90,2010,
/msg/lv/transport/cars/citroen/c4-cactus/cbnmkx.html,https://i.ss.lv/gallery/7/1297/324162/64832338.th2.jpg,Citroen,C4 Cactus,2018,
/msg/lv/transport/cars/peugeot/308/cdjkcd.html,https://i.ss.lv/gallery/7/1326/331339/66267671.th2.jpg,Peugeot,308,2023,
/msg/lv/transport/cars/mitsubishi/asx/bljhdc.html,https://i.ss.lv/gallery/7/1326/331345/66268861.th2.jpg,Mitsubishi,Asx,2011,
/msg/lv/transport/cars/bmw/i3s/cbmpkd.html,https://i.ss.lv/gallery/7/1270/317488/63497497.th2.jpg,Bmw,i3s,2020,
/msg/lv/transport/cars/bmw/530/bhjhxm.html,https://i.ss.lv/gallery/7/1303/325506/65101194.th2.jpg,Bmw,530,2010,
/msg/lv/transport/cars/bmw/320/cdxmfm.html,https://i.ss.lv/gallery/7/1317/329235/65846871.th2.jpg,Bmw,320,1998,
/msg/lv/transport/cars/volkswagen/passat-b6/bkeoph.html,https://i.ss.lv/gallery/7/1317/329238/65847404.th2.jpg,Volkswagen,Passat (B6),2006,
/msg/lv/transport/cars/jeep/grand-cherokee/clxll.html,https://i.ss.lv/gallery/7/1322/330487/66097287.th2.jpg,Jeep,Grand Cherokee,2010,
/msg/lv/transport/cars/chrysler/voyager/bbmbk.html,https://i.ss.lv/gallery/7/1232/307754/61550758.th2.jpg,Chrysler,Voyager,2003,
/msg/lv/transport/cars/renault/espace/kmegd.html,https://i.ss.lv/gallery/7/1313/328052/65610332.th2.jpg,Renault,Espace,2016,
/msg/lv/transport/cars/audi/a8/bchjhd.html,https://i.ss.lv/gallery/7/1305/326041/65208037.th2.jpg,Audi,A8,2011,
/msg/lv/transport/cars/audi/a6/bhooib.html,https://i.ss.lv/gallery/7/1313/328043/65608416.th2.jpg,Audi,A6,2009,
/msg/lv/transport/cars/nissan/navara/bijogf.html,https://i.ss.lv/gallery/7/1318/329390/65877963.th2.jpg,Nissan,Navara,2004,
/msg/lv/transport/cars/chrysler/grand-voyager/cjlgg.html,https://i.ss.lv/gallery/7/1326/331345/66268822.th2.jpg,Chrysler,Grand Voyager,2010,
/msg/lv/transport/cars/toyota/avensis/bkpoge.html,https://i.ss.lv/gallery/7/1326/331345/66268842.th2.jpg,Toyota,Avensis,2018,
/msg/lv/transport/cars/bmw/x3/ccfhjx.html,https://i.ss.lv/gallery/7/1311/327672/65534275.th2.jpg,Bmw,X3,2011,
/msg/lv/transport/cars/subaru/forester/cfmobn.html,https://i.ss.lv/gallery/7/1319/329505/65900905.th2.jpg,Subaru,Forester,2002,
/msg/lv/transport/cars/toyota/hilux/cdobff.html,https://i.ss.lv/gallery/7/1321/330151/66030197.th2.jpg,Toyota,Hilux,2016,
/msg/lv/transport/cars/bmw/525/dldke.html,https://i.ss.lv/gallery/7/1326/331344/66268644.th2.jpg,Bmw,525,2007,
/msg/lv/transport/cars/bmw/x3/cegxho.html,https://i.ss.lv/gallery/7/1326/331344/66268732.th2.jpg,Bmw,X3,2012,
/msg/lv/transport/cars/volkswagen/jetta/bjkdpn.html,https://i.ss.lv/gallery/7/1326/331344/66268718.th2.jpg,Volkswagen,Jetta,2011,
/msg/lv/transport/cars/volvo/xc90/cedmhd.html,https://i.ss.lv/gallery/7/1326/331344/66268700.th2.jpg,Volvo,XC 90,2003,
/msg/lv/transport/cars/volkswagen/golf-6/biepgx.html,https://i.ss.lv/gallery/7/1245/311236/62247060.th2.jpg,Volkswagen,Golf 6,2013,
/msg/lv/transport/cars/volvo/s60/bjxkhl.html,https://i.ss.lv/gallery/7/1303/325627/65125242.th2.jpg,Volvo,S60,2005,
/msg/lv/transport/cars/toyota/rav-4/bihfch.html,https://i.ss.lv/gallery/7/1255/313537/62707357.th2.jpg,Toyota,RAV 4,2019,
/msg/lv/transport/cars/seat/cordoba/hklon.html,https://i.ss.lv/gallery/7/1312/327860/65571984.th2.jpg,Seat,Cordoba,2007,
/msg/lv/transport/cars/audi/a5/cefmjh.html,https://i.ss.lv/gallery/7/1326/331344/66268604.th2.jpg,Audi,A5,2010,
/msg/lv/transport/cars/nissan/cabstar/nphof.html,https://i.ss.lv/gallery/7/1326/331344/66268613.th2.jpg,Nissan,Cabstar,2012,
/msg/lv/transport/cars/volvo/v90/cepffp.html,https://i.ss.lv/gallery/7/1315/328727/65745291.th2.jpg,Volvo,V90,2017,
/msg/lv/transport/cars/mercedes/c220/bjghkl.html,https://i.ss.lv/gallery/7/1326/331343/66268552.th2.jpg,Mercedes,C220,2009,
/msg/lv/transport/cars/nissan/pathfinder/enknx.html,https://i.ss.lv/gallery/7/1316/328879/65775733.th2.jpg,Nissan,Pathfinder,2005,
/msg/lv/transport/cars/volkswagen/polo/bkcndm.html,https://i.ss.lv/gallery/7/1306/326366/65273073.th2.jpg,Volkswagen,Polo,2008,
/msg/lv/transport/cars/kia/ceed/ceipeg.html,https://i.ss.lv/gallery/7/1326/331341/66268193.th2.jpg,Kia,Ceed,2020,
/msg/lv/transport/cars/citroen/c4/bckfxk.html,https://i.ss.lv/gallery/7/1326/331343/66268504.th2.jpg,Citroen,C4,2006,
/msg/lv/transport/cars/saab/9-3/adffi.html,https://i.ss.lv/gallery/7/1326/331343/66268458.th2.jpg,Saab,9-3,2004,
/msg/lv/transport/cars/audi/a6/cfokg.html,https://i.ss.lv/gallery/7/1287/321708/64341450.th2.jpg,Audi,A6,2011,
/msg/lv/transport/cars/electric-cars/cdepon.html,https://i.ss.lv/gallery/7/1326/331343/66268437.th2.jpg,Hyundai,-,2021,
/msg/lv/transport/cars/volkswagen/arteon/ccgxoo.html,https://i.ss.lv/gallery/7/1294/323387/64677245.th2.jpg,Volkswagen,Arteon,2018,
/msg/lv/transport/cars/mini/cooper/bpmdmm.html,https://i.ss.lv/gallery/7/1326/331315/66262994.th2.jpg,Mini,Cooper,2019,
/msg/lv/transport/cars/volvo/xc70/cegojb.html,https://i.ss.lv/gallery/7/1326/331341/66268185.th2.jpg,Volvo,XC 70,2011,
/msg/lv/transport/cars/audi/a6/foojg.html,https://i.ss.lv/gallery/7/1314/328302/65660306.th2.jpg,Audi,A6,2011,
/msg/lv/transport/cars/opel/meriva/bepcdl.html,https://i.ss.lv/gallery/6/1112/277898/55579468.th2.jpg,Opel,Meriva,2012,
/msg/lv/transport/cars/land-rover/freelander/fhjlk.html,https://i.ss.lv/gallery/7/1203/300654/60130629.th2.jpg,Land Rover,Freelander,2012,
/msg/lv/transport/cars/kia/ceed/cdcjfh.html,https://i.ss.lv/gallery/7/1326/331342/66268388.th2.jpg,Kia,Ceed,2021,
/msg/lv/transport/cars/toyota/auris/ihbih.html,https://i.ss.lv/gallery/7/1285/321013/64202578.th2.jpg,Toyota,Auris,2011,
/msg/lv/transport/cars/skoda/kodiaq/celknp.html,https://i.ss.lv/gallery/7/1255/313732/62746394.th2.jpg,Skoda,Kodiaq,2021,
/msg/lv/transport/cars/bmw/320/bfcngf.html,https://i.ss.lv/gallery/7/1326/331342/66268345.th2.jpg,Bmw,320,2015,
/msg/lv/transport/cars/volkswagen/tiguan/ccnnkl.html,https://i.ss.lv/gallery/7/1320/329937/65987203.th2.jpg,Volkswagen,Tiguan,2008,
/msg/lv/transport/cars/bmw/320/cdlcbe.html,https://i.ss.lv/gallery/7/1326/331332/66266298.th2.jpg,Bmw,320,2019,
/msg/lv/transport/cars/dodge/ram/djfkn.html,https://i.ss.lv/gallery/7/1326/331342/66268247.th2.jpg,Dodge,RAM,2007,
/msg/lv/transport/cars/audi/q5/ccokdb.html,https://i.ss.lv/gallery/7/1320/329824/65964761.th2.jpg,Audi,Q5,2017,
/msg/lv/transport/cars/audi/a3/cddijn.html,https://i.ss.lv/gallery/7/1326/331342/66268232.th2.jpg,Audi,A3,2012,
/msg/lv/transport/cars/volvo/s80/bkxbel.html,https://i.ss.lv/gallery/7/1326/331342/66268239.th2.jpg,Volvo,S80,1999,
/msg/lv/transport/cars/peugeot/3008/bokpmd.html,https://i.ss.lv/gallery/7/1275/318666/63733118.th2.jpg,Peugeot,3008,2017,
/msg/lv/transport/cars/chevrolet/orlando/bmcklx.html,https://i.ss.lv/gallery/7/1273/318083/63616547.th2.jpg,Chevrolet,Orlando,2011,
/msg/lv/transport/cars/land-rover/range-rover-sport/blclfb.html,https://i.ss.lv/gallery/7/1266/316314/63262741.th2.jpg,Land Rover,Range Rover Sport,2019,
/msg/lv/transport/cars/skoda/roomster/bmjpmg.html,https://i.ss.lv/gallery/6/1197/299178/59835529.th2.jpg,Skoda,Roomster,2014,
/msg/lv/transport/cars/skoda/octavia/aphnk.html,https://i.ss.lv/gallery/7/1283/320627/64125283.th2.jpg,Skoda,Octavia,2021,
/msg/lv/transport/cars/bmw/330/cebgdc.html,https://i.ss.lv/gallery/7/1323/330539/66107666.th2.jpg,Bmw,330,2005,
/msg/lv/transport/cars/audi/q5/cefgmc.html,https://i.ss.lv/gallery/7/1323/330747/66149277.th2.jpg,Audi,Q5,2013,
/msg/lv/transport/cars/suzuki/vitara/hcpkk.html,https://i.ss.lv/gallery/7/1326/331341/66268170.th2.jpg,Suzuki,Vitara,2021,
/msg/lv/transport/cars/volkswagen/golf-4/bxmdfi.html,https://i.ss.lv/gallery/7/1326/331341/66268159.th2.jpg,Volkswagen,Golf 4,1999,
/msg/lv/transport/cars/skoda/yeti/beboek.html,https://i.ss.lv/gallery/7/1326/331336/66267126.th2.jpg,Skoda,Yeti,2014,
/msg/lv/transport/cars/mazda/mazda2/aoepo.html,https://i.ss.lv/gallery/7/1294/323276/64655061.th2.jpg,Mazda,Mazda2,2010,
/msg/lv/transport/cars/opel/corsa/beicni.html,https://i.ss.lv/gallery/7/1219/304699/60939729.th2.jpg,Opel,Corsa,2011,
/msg/lv/transport/cars/bmw/x3/cdejdd.html,https://i.ss.lv/gallery/7/1326/331341/66268134.th2.jpg,Bmw,X3,2008,
/msg/lv/transport/cars/bmw/118/cefmdn.html,https://i.ss.lv/gallery/7/1326/331341/66268073.th2.jpg,Bmw,118,2000,
/msg/lv/transport/cars/audi/e-tron/cedjpf.html,https://i.ss.lv/gallery/7/1326/331341/66268059.th2.jpg,Audi,E-tron,2021,
/msg/lv/transport/cars/jaguar/x-type/hjllj.html,https://i.ss.lv/gallery/7/1279/319537/63907226.th2.jpg,Jaguar,X-Type,2002,
/msg/lv/transport/cars/audi/a4/biedjf.html,https://i.ss.lv/gallery/7/1300/324848/64969532.th2.jpg,Audi,A4,2003,
/msg/lv/transport/cars/volkswagen/taigo/ccemof.html,https://i.ss.lv/gallery/7/1295/323671/64734132.th2.jpg,Volkswagen,Taigo,2025,
/msg/lv/transport/cars/bmw/x5/bhpnpe.html,https://i.ss.lv/gallery/7/1304/325987/65197291.th2.jpg,Bmw,X5,2008,
/msg/lv/transport/cars/renault/megane/bxmdgl.html,https://i.ss.lv/gallery/7/1326/331338/66267515.th2.jpg,Renault,Megane,2023,
/msg/lv/transport/cars/opel/combo/bxexmh.html,https://i.ss.lv/gallery/7/1311/327637/65527372.th2.jpg,Opel,Combo,2010,
/msg/lv/transport/cars/mercedes/v250/cbbgog.html,https://i.ss.lv/gallery/7/1287/321546/64309110.th2.jpg,Mercedes,V250,2016,
/msg/lv/transport/cars/mazda/mazda5/behoog.html,https://i.ss.lv/gallery/7/1305/326022/65204207.th2.jpg,Mazda,Mazda5,2010,
/msg/lv/transport/cars/volkswagen/tiguan/cchhjk.html,https://i.ss.lv/gallery/7/1305/326195/65238854.th2.jpg,Volkswagen,Tiguan,2013,
/msg/lv/transport/cars/bmw/320/bkgbbn.html,https://i.ss.lv/gallery/7/1208/301800/60359916.th2.jpg,Bmw,320,2008,
/msg/lv/transport/cars/skoda/octavia/cclnbf.html,https://i.ss.lv/gallery/7/1305/326200/65239912.th2.jpg,Skoda,Octavia,2009,
/msg/lv/transport/cars/audi/a6/amhfj.html,https://i.ss.lv/gallery/7/1318/329472/65894206.th2.jpg,Audi,A6,2005,
/msg/lv/transport/cars/volvo/xc60/cfcnnb.html,https://i.ss.lv/gallery/7/1306/326426/65285108.th2.jpg,Volvo,XC 60,2020,
/msg/lv/transport/cars/opel/mokka/cclpei.html,https://i.ss.lv/gallery/7/1225/306152/61230293.th2.jpg,Opel,Mokka,2015,
/msg/lv/transport/cars/opel/crossland-x/cbpcgc.html,https://i.ss.lv/gallery/7/1206/301283/60256440.th2.jpg,Opel,Crossland X,2020,
/msg/lv/transport/cars/volvo/xc70/ccninn.html,https://i.ss.lv/gallery/7/1314/328384/65676772.th2.jpg,Volvo,XC 70,2008,
/msg/lv/transport/cars/hyundai/tucson/cbpkih.html,https://i.ss.lv/gallery/7/1298/324424/64884700.th2.jpg,Hyundai,Tucson,2016,
/msg/lv/transport/cars/chrysler/town-country/cgjhd.html,https://i.ss.lv/gallery/7/1314/328441/65688121.th2.jpg,Chrysler,Town & Country,2012,
/msg/lv/transport/cars/bmw/another/cbpfph.html,https://i.ss.lv/gallery/7/1323/330513/66102453.th2.jpg,Bmw,Citi,2023,
/msg/lv/transport/cars/honda/civic/bdmbb.html,https://i.ss.lv/gallery/7/1203/300653/60130475.th2.jpg,Honda,Civic,2014,
/msg/lv/transport/cars/volvo/v60/bpffgm.html,https://i.ss.lv/gallery/7/1295/323562/64712235.th2.jpg,Volvo,V60,2015,
/msg/lv/transport/cars/toyota/rav-4/ccnfdn.html,https://i.ss.lv/gallery/7/1295/323550/64709920.th2.jpg,Toyota,RAV 4,2013,
/msg/lv/transport/cars/opel/crossland-x/cbmdni.html,https://i.ss.lv/gallery/7/1210/302367/60473224.th2.jpg,Opel,Crossland X,2022,
/msg/lv/transport/cars/volvo/xc90/befimm.html,https://i.ss.lv/gallery/7/1294/323352/64670271.th2.jpg,Volvo,XC 90,2007,
/msg/lv/transport/cars/jeep/grand-cherokee/bjkgmn.html,https://i.ss.lv/gallery/7/1217/304052/60810338.th2.jpg,Jeep,Grand Cherokee,2008,
/msg/lv/transport/cars/land-rover/range-rover-sport/bhkxgg.html,https://i.ss.lv/gallery/7/1326/331340/66267871.th2.jpg,Land Rover,Range Rover Sport,2025,
/msg/lv/transport/cars/mercedes/vaneo/fohdf.html,https://i.ss.lv/gallery/7/1315/328573/65714559.th2.jpg,Mercedes,Vaneo,2004,
/msg/lv/transport/cars/volkswagen/golf-7/cdknof.html,https://i.ss.lv/gallery/7/1326/331339/66267747.th2.jpg,Volkswagen,Golf 7,2017,
/msg/lv/transport/cars/volkswagen/golf-7/bpmbld.html,https://i.ss.lv/gallery/7/1297/324166/64833193.th2.jpg,Volkswagen,Golf 7,2019,
/msg/lv/transport/cars/lancia/voyager/bhxfod.html,https://i.ss.lv/gallery/7/1295/323570/64713895.th2.jpg,Lancia,Voyager,2012,
/msg/lv/transport/cars/peugeot/partner/bimgcl.html,https://i.ss.lv/gallery/7/1318/329457/65891228.th2.jpg,Peugeot,Partner,2004,
/msg/lv/transport/cars/ford/kuga/cdfbgi.html,https://i.ss.lv/gallery/7/1313/328242/65648245.th2.jpg,Ford,Kuga,2015,
/msg/lv/transport/cars/mazda/mazda3/bohgf.html,https://i.ss.lv/gallery/7/1259/314647/62929377.th2.jpg,Mazda,Mazda3,2018,
/msg/lv/transport/cars/bmw/x4/cbfxcd.html,https://i.ss.lv/gallery/7/1316/328755/65750883.th2.jpg,Bmw,X4,2014,
/msg/lv/transport/cars/audi/a8/fdkbj.html,https://i.ss.lv/gallery/7/1267/316673/63334401.th2.jpg,Audi,A8,2007,
/msg/lv/transport/cars/audi/80/enmob.html,https://i.ss.lv/gallery/7/1301/325237/65047276.th2.jpg,Audi,80,1991,
/msg/lv/transport/cars/subaru/legacy/dxhmo.html,https://i.ss.lv/gallery/6/1194/298376/59675197.th2.jpg,Subaru,Legacy,2012,
/msg/lv/transport/cars/volvo/v40/bxhgfi.html,https://i.ss.lv/gallery/7/1274/318377/63675236.th2.jpg,Volvo,V40,2017,
/msg/lv/transport/cars/electric-cars/cxikjm.html,https://i.ss.lv/gallery/6/1181/295237/59047311.th2.jpg,Mini,-,2021,
/msg/lv/transport/cars/skoda/octavia/cfeeob.html,https://i.ss.lv/gallery/7/1301/325040/65007986.th2.jpg,Skoda,Octavia,2015,
/msg/lv/transport/cars/seat/cordoba/blhbg.html,https://i.ss.lv/gallery/7/1234/308484/61696792.th2.jpg,Seat,Cordoba,2007,
/msg/lv/transport/cars/chrysler/pacifica/appcm.html,https://i.ss.lv/gallery/7/1265/316022/63204367.th2.jpg,Chrysler,Pacifica,2020,
/msg/lv/transport/cars/volvo/xc90/ccijmf.html,https://i.ss.lv/gallery/7/1315/328550/65709984.th2.jpg,Volvo,XC 90,2013,
/msg/lv/transport/cars/mini/countryman/cdchho.html,https://i.ss.lv/gallery/7/1258/314321/62864007.th2.jpg,Mini,Countryman,2018,
/msg/lv/transport/cars/volvo/v90/cblilm.html,https://i.ss.lv/gallery/7/1312/327883/65576526.th2.jpg,Volvo,V90,2017,
/msg/lv/transport/cars/audi/q5/blmlhe.html,https://i.ss.lv/gallery/7/1312/327944/65588607.th2.jpg,Audi,Q5,2019,
/msg/lv/transport/cars/mercedes/b180/ocekg.html,https://i.ss.lv/gallery/6/1129/282033/56406518.th2.jpg,Mercedes,B180,2010,
/msg/lv/transport/cars/hyundai/tucson/hcekx.html,https://i.ss.lv/gallery/7/1279/319578/63915417.th2.jpg,Hyundai,Tucson,2006,
/msg/lv/transport/cars/bmw/x3/cckgkn.html,https://i.ss.lv/gallery/7/1305/326112/65222347.th2.jpg,Bmw,X3,2013,
/msg/lv/transport/cars/kia/sportage/ccxdcx.html,https://i.ss.lv/gallery/7/1259/314527/62905248.th2.jpg,Kia,Sportage,2010,
/msg/lv/transport/cars/kia/sorento/cjxmd.html,https://i.ss.lv/gallery/6/1134/283481/56696148.th2.jpg,Kia,Sorento,2010,
/msg/lv/transport/cars/opel/meriva/bndoxm.html,https://i.ss.lv/gallery/7/1214/303374/60674727.th2.jpg,Opel,Meriva,2011,
/msg/lv/transport/cars/toyota/auris/bpomih.html,https://i.ss.lv/gallery/7/1201/300091/60018137.th2.jpg,Toyota,Auris,2010,
/msg/lv/transport/cars/bmw/525/blemo.html,https://i.ss.lv/gallery/7/1325/331191/66238157.th2.jpg,Bmw,525,2006,
/msg/lv/transport/cars/bmw/323/ampjx.html,https://i.ss.lv/gallery/7/1325/331126/66225063.th2.jpg,Bmw,323,2000,
/msg/lv/transport/cars/bmw/320/bpmex.html,https://i.ss.lv/gallery/7/1326/331303/66260421.th2.jpg,Bmw,320,2009,
/msg/lv/transport/cars/subaru/forester/cfmlpk.html,https://i.ss.lv/gallery/7/1317/329189/65837694.th2.jpg,Subaru,Forester,2021,
/msg/lv/transport/cars/audi/allroad/bbpkbn.html,https://i.ss.lv/gallery/7/1281/320163/64032527.th2.jpg,Audi,Allroad,2010,
/msg/lv/transport/cars/volkswagen/transporter/bggjk.html,https://i.ss.lv/gallery/6/1178/294417/58883358.th2.jpg,Volkswagen,Transporter,2001,
/msg/lv/transport/cars/volkswagen/transporter/eexbf.html,https://i.ss.lv/gallery/7/1298/324337/64867311.th2.jpg,Volkswagen,Transporter,1999,
/msg/lv/transport/cars/opel/vivaro/bjeegc.html,https://i.ss.lv/gallery/7/1249/312241/62448143.th2.jpg,Opel,Vivaro,2015,
/msg/lv/transport/cars/mazda/mazda6/dbgkf.html,https://i.ss.lv/gallery/7/1318/329345/65868804.th2.jpg,Mazda,Mazda6,2008,
/msg/lv/transport/cars/volvo/xc90/ceflig.html,https://i.ss.lv/gallery/7/1324/330832/66166259.th2.jpg,Volvo,XC 90,2011,
/msg/lv/transport/cars/chevrolet/captiva/cbeime.html,https://i.ss.lv/gallery/7/1317/329192/65838366.th2.jpg,Chevrolet,Captiva,2012,
/msg/lv/transport/cars/nissan/x-trail/bflkic.html,https://i.ss.lv/gallery/7/1309/327042/65408293.th2.jpg,Nissan,X-Trail,2006,
/msg/lv/transport/cars/volvo/xc60/cexjlj.html,https://i.ss.lv/gallery/7/1325/331158/66231555.th2.jpg,Volvo,XC 60,2013,
/msg/lv/transport/cars/volkswagen/sharan/eexfm.html,https://i.ss.lv/gallery/7/1323/330697/66139319.th2.jpg,Volkswagen,Sharan,2006,
/msg/lv/transport/cars/volvo/xc60/cckfef.html,https://i.ss.lv/gallery/7/1325/331158/66231538.th2.jpg,Volvo,XC 60,2011,
/msg/lv/transport/cars/audi/a4/bjjfej.html,https://i.ss.lv/gallery/7/1322/330282/66056380.th2.jpg,Audi,A4,2008,
/msg/lv/transport/cars/nissan/murano/kdnih.html,https://i.ss.lv/gallery/7/1326/331301/66260107.th2.jpg,Nissan,Murano,2005,
/msg/lv/transport/cars/volvo/v60/cxbgpd.html,https://i.ss.lv/gallery/7/1317/329112/65822315.th2.jpg,Volvo,V60,2014,
/msg/lv/transport/cars/toyota/c-hr/ccixkd.html,https://i.ss.lv/gallery/7/1326/331337/66267296.th2.jpg,Toyota,C-HR,2021,
/msg/lv/transport/cars/mercedes/sprinter/binmic.html,https://i.ss.lv/gallery/7/1318/329495/65898980.th2.jpg,Mercedes,Sprinter,2012,
/msg/lv/transport/cars/subaru/xv/ccxdbc.html,https://i.ss.lv/gallery/7/1286/321347/64269208.th2.jpg,Subaru,XV,2013,
/msg/lv/transport/cars/hyundai/i30/cdjckh.html,https://i.ss.lv/gallery/7/1317/329043/65808434.th2.jpg,Hyundai,i30,2008,
/msg/lv/transport/cars/bmw/318/bkgnjl.html,https://i.ss.lv/gallery/7/1305/326139/65227687.th2.jpg,Bmw,318,2012,
/msg/lv/transport/cars/citroen/berlingo/fgfmg.html,https://i.ss.lv/gallery/7/1326/331337/66267201.th2.jpg,Citroen,Berlingo,2008,
/msg/lv/transport/cars/volvo/xc60/bkbchi.html,https://i.ss.lv/gallery/7/1316/328882/65776222.th2.jpg,Volvo,XC 60,2009,
/msg/lv/transport/cars/volvo/xc60/ceedjg.html,https://i.ss.lv/gallery/7/1326/331337/66267223.th2.jpg,Volvo,XC 60,2018,
/msg/lv/transport/cars/opel/astra/fbgix.html,https://i.ss.lv/gallery/6/1092/272803/54560525.th2.jpg,Opel,Astra,2000,
/msg/lv/transport/cars/bmw/x1/bjoigd.html,https://i.ss.lv/gallery/7/1326/331336/66267143.th2.jpg,Bmw,X1,2012,
/msg/lv/transport/cars/mazda/mazda3/bfxddd.html,https://i.ss.lv/gallery/7/1261/315040/63007909.th2.jpg,Mazda,Mazda3,2015,
/msg/lv/transport/cars/volvo/v70/cdgene.html,https://i.ss.lv/gallery/7/1316/328989/65797780.th2.jpg,Volvo,V70,2002,
/msg/lv/transport/cars/bmw/318/bfhkb.html,https://i.ss.lv/gallery/6/1143/285683/57136429.th2.jpg,Bmw,318,2014,
/msg/lv/transport/cars/renault/trafic/cefpkh.html,https://i.ss.lv/gallery/7/1326/331336/66267102.th2.jpg,Renault,Trafic,2005,
/msg/lv/transport/cars/bmw/x5/befdgg.html,https://i.ss.lv/gallery/7/1310/327345/65468861.th2.jpg,Bmw,X5,2014,
/msg/lv/transport/cars/bmw/x5/ccgpfp.html,https://i.ss.lv/gallery/7/1264/315989/63197657.th2.jpg,Bmw,X5,2014,
/msg/lv/transport/cars/volvo/v60/bcgchg.html,https://i.ss.lv/gallery/7/1312/327988/65597521.th2.jpg,Volvo,V60,2012,
/msg/lv/transport/cars/bmw/525/bipogi.html,https://i.ss.lv/gallery/7/1326/331336/66267026.th2.jpg,Bmw,525,2004,
/msg/lv/transport/cars/ford/focus/blhbch.html,https://i.ss.lv/gallery/7/1326/331335/66266991.th2.jpg,Ford,Focus,2003,
/msg/lv/transport/cars/ford/transit/bkbdgb.html,https://i.ss.lv/gallery/7/1242/310443/62088595.th2.jpg,Ford,Transit,2014,
/msg/lv/transport/cars/volkswagen/golf-7/cebbgi.html,https://i.ss.lv/gallery/7/1326/331335/66266997.th2.jpg,Volkswagen,Golf 7,2014,
/msg/lv/transport/cars/nissan/primera/aadmc.html,https://i.ss.lv/gallery/7/1326/331336/66267019.th2.jpg,Nissan,Primera,2006,
/msg/lv/transport/cars/toyota/celica/chmnj.html,https://i.ss.lv/gallery/7/1210/302426/60485135.th2.jpg,Toyota,Celica,1996,
/msg/lv/transport/cars/toyota/auris/cddhpi.html,https://i.ss.lv/gallery/7/1320/329937/65987329.th2.jpg,Toyota,Auris,2016,
/msg/lv/transport/cars/volkswagen/polo/bjndjl.html,https://i.ss.lv/gallery/7/1326/331335/66266922.th2.jpg,Volkswagen,Polo,2005,
/msg/lv/transport/cars/renault/espace/fbjon.html,https://i.ss.lv/gallery/7/1260/314758/62951493.th2.jpg,Renault,Espace,2008,
/msg/lv/transport/cars/seat/cordoba/cfxgh.html,https://i.ss.lv/gallery/7/1307/326709/65341701.th2.jpg,Seat,Cordoba,2006,
/msg/lv/transport/cars/mazda/cx-7/bcihbi.html,https://i.ss.lv/gallery/7/1242/310272/62054297.th2.jpg,Mazda,CX-7,2010,
/msg/lv/transport/cars/skoda/fabia/cdlcol.html,https://i.ss.lv/gallery/7/1326/331335/66266941.th2.jpg,Skoda,Fabia,2010,
/msg/lv/transport/cars/ford/kuga/cellbn.html,https://i.ss.lv/gallery/7/1255/313736/62747087.th2.jpg,Ford,Kuga,2009,
/msg/lv/transport/cars/bmw/x5/bhiljo.html,https://i.ss.lv/gallery/7/1310/327368/65473585.th2.jpg,Bmw,X5,2010,
/msg/lv/transport/cars/bmw/x5/cexclh.html,https://i.ss.lv/gallery/7/1322/330324/66064605.th2.jpg,Bmw,X5,2013,
/msg/lv/transport/cars/opel/meriva/bcpjjp.html,https://i.ss.lv/gallery/7/1271/317743/63548579.th2.jpg,Opel,Meriva,2012,
/msg/lv/transport/cars/citroen/c2/hxbdc.html,https://i.ss.lv/gallery/7/1326/331335/66266920.th2.jpg,Citroen,C2,2008,
/msg/lv/transport/cars/audi/a5/cejdme.html,https://i.ss.lv/gallery/7/1326/331335/66266870.th2.jpg,Audi,A5,2013,
/msg/lv/transport/cars/toyota/avensis/cdnmbl.html,https://i.ss.lv/gallery/7/1244/310999/62199673.th2.jpg,Toyota,Avensis,2006,
/msg/lv/transport/cars/toyota/avensis/cdlffx.html,https://i.ss.lv/gallery/7/1326/331335/66266824.th2.jpg,Toyota,Avensis,2009,
/msg/lv/transport/cars/citroen/nemo/bmdjbh.html,https://i.ss.lv/gallery/7/1293/323113/64622583.th2.jpg,Citroen,Nemo,2015,
/msg/lv/transport/cars/bmw/530/bemgpl.html,https://i.ss.lv/gallery/7/1326/331335/66266858.th2.jpg,Bmw,530,2005,
/msg/lv/transport/cars/mercedes/c180/bjdggn.html,https://i.ss.lv/gallery/7/1326/331335/66266844.th2.jpg,Mercedes,C180,2011,
/msg/lv/transport/cars/toyota/rav-4/cbojli.html,https://i.ss.lv/gallery/7/1320/329899/65979659.th2.jpg,Toyota,RAV 4,2019,
/msg/lv/transport/cars/volkswagen/tiguan/cdpxbd.html,https://i.ss.lv/gallery/7/1246/311307/62261233.th2.jpg,Volkswagen,Tiguan,2016,
/msg/lv/transport/cars/ford/fiesta/ccxlxc.html,https://i.ss.lv/gallery/7/1326/331282/66256320.th2.jpg,Ford,Fiesta,2013,
/msg/lv/transport/cars/audi/q7/cdeddm.html,https://i.ss.lv/gallery/7/1315/328750/65749822.th2.jpg,Audi,Q7,2011,
/msg/lv/transport/cars/opel/combo/bhlcj.html,https://i.ss.lv/gallery/7/1304/325851/65170073.th2.jpg,Opel,Combo,2013,
/msg/lv/transport/cars/hyundai/tucson/cejfjb.html,https://i.ss.lv/gallery/7/1305/326141/65228046.th2.jpg,Hyundai,Tucson,2016,
/msg/lv/transport/cars/honda/cr-v/gnlgx.html,https://i.ss.lv/gallery/7/1305/326040/65207811.th2.jpg,Honda,Cr-v,2016,
/msg/lv/transport/cars/audi/a3/bbejjl.html,https://i.ss.lv/gallery/7/1304/325832/65166299.th2.jpg,Audi,A3,2014,
/msg/lv/transport/cars/opel/astra/gllfc.html,https://i.ss.lv/gallery/7/1305/326034/65206749.th2.jpg,Opel,Astra,2016,
/msg/lv/transport/cars/ford/focusc-max/bkxogp.html,https://i.ss.lv/gallery/7/1305/326149/65229613.th2.jpg,Ford,C-Max,2015,
/msg/lv/transport/cars/renault/trafic/ajxbn.html,https://i.ss.lv/gallery/7/1307/326623/65324530.th2.jpg,Renault,Trafic,2016,
/msg/lv/transport/cars/volkswagen/golf-8/cciojj.html,https://i.ss.lv/gallery/7/1326/331313/66262509.th2.jpg,Volkswagen,Golf 8,2025,
/msg/lv/transport/cars/volkswagen/another/nxpcx.html,https://i.ss.lv/gallery/7/1326/331310/66261934.th2.jpg,Volkswagen,Citi,2025,
/msg/lv/transport/cars/opel/zafira/bdgfie.html,https://i.ss.lv/gallery/7/1272/317887/63577282.th2.jpg,Opel,Zafira,2012,
/msg/lv/transport/cars/volkswagen/caddy/bellfh.html,https://i.ss.lv/gallery/7/1326/331311/66262008.th2.jpg,Volkswagen,Caddy,2025,
/msg/lv/transport/cars/volkswagen/tiguan/cbpfdf.html,https://i.ss.lv/gallery/7/1326/331313/66262403.th2.jpg,Volkswagen,Tiguan,2025,
/msg/lv/transport/cars/volkswagen/passat-cc/cfjghc.html,https://i.ss.lv/gallery/7/1291/322726/64545135.th2.jpg,Volkswagen,Passat CC,2008,
/msg/lv/transport/cars/opel/vivaro/cbehof.html,https://i.ss.lv/gallery/7/1323/330727/66145368.th2.jpg,Opel,Vivaro,2015,
/msg/lv/transport/cars/mercedes/e350/bmcoeh.html,https://i.ss.lv/gallery/7/1326/331334/66266614.th2.jpg,Mercedes,E350,2013,
/msg/lv/transport/cars/peugeot/407/bdbnkl.html,https://i.ss.lv/gallery/7/1325/331172/66234258.th2.jpg,Peugeot,407,2006,
/msg/lv/transport/cars/citroen/berlingo/bgnihc.html,https://i.ss.lv/gallery/7/1298/324387/64877204.th2.jpg,Citroen,Berlingo,2005,
/msg/lv/transport/cars/jaguar/xe/cxbmmx.html,https://i.ss.lv/gallery/7/1319/329647/65929279.th2.jpg,Jaguar,XE,2016,
/msg/lv/transport/cars/mercedes/sprinter/bkmokp.html,https://i.ss.lv/gallery/7/1326/331333/66266552.th2.jpg,Mercedes,Sprinter,2009,
/msg/lv/transport/cars/bmw/x6/bgpoob.html,https://i.ss.lv/gallery/7/1312/327867/65573208.th2.jpg,Bmw,X6,2014,
/msg/lv/transport/cars/toyota/camry/hhphj.html,https://i.ss.lv/gallery/7/1218/304303/60860451.th2.jpg,Toyota,Camry,2023,
/msg/lv/transport/cars/nissan/x-trail/odojm.html,https://i.ss.lv/gallery/7/1297/324080/64815944.th2.jpg,Nissan,X-Trail,2015,
/msg/lv/transport/cars/volvo/v50/cdlbxk.html,https://i.ss.lv/gallery/7/1326/331251/66250099.th2.jpg,Volvo,V50,2009,
/msg/lv/transport/cars/volvo/v70/bkhhcj.html,https://i.ss.lv/gallery/7/1303/325542/65108330.th2.jpg,Volvo,V70,2015,
/msg/lv/transport/cars/toyota/corolla/ceipmc.html,https://i.ss.lv/gallery/7/1326/331333/66266515.th2.jpg,Toyota,Corolla,2019,
/msg/lv/transport/cars/skoda/fabia/bmnpnx.html,https://i.ss.lv/gallery/7/1322/330280/66055845.th2.jpg,Skoda,Fabia,2007,
/msg/lv/transport/cars/audi/a4/akghx.html,https://i.ss.lv/gallery/7/1326/331333/66266409.th2.jpg,Audi,A4,2000,
/msg/lv/transport/cars/hyundai/i40/gphmc.html,https://i.ss.lv/gallery/7/1265/316213/63242418.th2.jpg,Hyundai,i40,2013,
/msg/lv/transport/cars/kia/sportage/cdbblf.html,https://i.ss.lv/gallery/7/1292/322964/64592762.th2.jpg,Kia,Sportage,2025,
/msg/lv/transport/cars/opel/combo/cfjmkf.html,https://i.ss.lv/gallery/7/1294/323402/64680351.th2.jpg,Opel,Combo,2007,
/msg/lv/transport/cars/bmw/x5/ccmbpo.html,https://i.ss.lv/gallery/7/1303/325651/65130071.th2.jpg,Bmw,X5,2007,
/msg/lv/transport/cars/ford/mustang/aonob.html,https://i.ss.lv/gallery/7/1326/331333/66266417.th2.jpg,Ford,Mustang,2005,
/msg/lv/transport/cars/peugeot/3008/cfdlgf.html,https://i.ss.lv/gallery/7/1268/316891/63378007.th2.jpg,Peugeot,3008,2023,
/msg/lv/transport/cars/bmw/316/gbgxf.html,https://i.ss.lv/gallery/7/1326/331332/66266368.th2.jpg,Bmw,316,1998,
/msg/lv/transport/cars/bmw/x5/bichkp.html,https://i.ss.lv/gallery/7/1326/331331/66266148.th2.jpg,Bmw,X5,2002,
/msg/lv/transport/cars/volkswagen/caravelle/dbchg.html,https://i.ss.lv/gallery/7/1326/331332/66266240.th2.jpg,Volkswagen,Caravelle,1999,
/msg/lv/transport/cars/volkswagen/golf-7/ccfigf.html,https://i.ss.lv/gallery/7/1292/322905/64580980.th2.jpg,Volkswagen,Golf 7,2015,
/msg/lv/transport/cars/toyota/verso-s/blmoxn.html,https://i.ss.lv/gallery/7/1326/331332/66266254.th2.jpg,Toyota,Verso-S,2011,
/msg/lv/transport/cars/toyota/previa/dbhbc.html,https://i.ss.lv/gallery/7/1321/330034/66006662.th2.jpg,Toyota,Previa,2002,
/msg/lv/transport/cars/porsche/cayenne/cdgbgd.html,https://i.ss.lv/gallery/7/1318/329473/65894516.th2.jpg,Porsche,Cayenne,2020,
/msg/lv/transport/cars/audi/a6/aecfe.html,https://i.ss.lv/gallery/7/1275/318728/63745480.th2.jpg,Audi,A6,2021,
/msg/lv/transport/cars/renault/trafic/cecckj.html,https://i.ss.lv/gallery/7/1321/330096/66019116.th2.jpg,Renault,Trafic,2017,
/msg/lv/transport/cars/skoda/fabia/cecxnm.html,https://i.ss.lv/gallery/7/1326/331331/66266126.th2.jpg,Skoda,Fabia,2001,
/msg/lv/transport/cars/toyota/rav-4/cclgbc.html,https://i.ss.lv/gallery/7/1262/315309/63061730.th2.jpg,Toyota,RAV 4,2019,
/msg/lv/transport/cars/tesla/model-s/cfnjnm.html,https://i.ss.lv/gallery/7/1326/331309/66261610.th2.jpg,Tesla,Model S,2017,
/msg/lv/transport/cars/volvo/xc90/ccpkcl.html,https://i.ss.lv/gallery/7/1313/328052/65610341.th2.jpg,Volvo,XC 90,2004,
/msg/lv/transport/cars/peugeot/5008/cdxcdo.html,https://i.ss.lv/gallery/7/1326/331331/66266014.th2.jpg,Peugeot,5008,2011,
/msg/lv/transport/cars/renault/grandscenic/bndeom.html,https://i.ss.lv/gallery/7/1311/327664/65532718.th2.jpg,Renault,Grand Scenic,2013,
/msg/lv/transport/cars/peugeot/3008/cxbldx.html,https://i.ss.lv/gallery/7/1283/320602/64120301.th2.jpg,Peugeot,3008,2022,
/msg/lv/transport/cars/peugeot/3008/cblmml.html,https://i.ss.lv/gallery/7/1284/320946/64189058.th2.jpg,Peugeot,3008,2022,
/msg/lv/transport/cars/kia/stonic/cfeeok.html,https://i.ss.lv/gallery/7/1270/317313/63462543.th2.jpg,Kia,Stonic,2024,
/msg/lv/transport/cars/kia/ceed/cxennj.html,https://i.ss.lv/gallery/7/1270/317317/63463201.th2.jpg,Kia,Ceed,2024,
/msg/lv/transport/cars/kia/sportage/cblbnj.html,https://i.ss.lv/gallery/7/1281/320052/64010228.th2.jpg,Kia,Sportage,2024,
/msg/lv/transport/cars/volvo/xc90/cciceo.html,https://i.ss.lv/gallery/7/1305/326098/65219452.th2.jpg,Volvo,XC 90,2012,
/msg/lv/transport/cars/kia/sportage/blgmkj.html,https://i.ss.lv/gallery/7/1273/318149/63629666.th2.jpg,Kia,Sportage,2024,
/msg/lv/transport/cars/kia/sorento/binmmh.html,https://i.ss.lv/gallery/7/1321/330091/66018152.th2.jpg,Kia,Sorento,2016,
/msg/lv/transport/cars/mercedes/c250/bleeei.html,https://i.ss.lv/gallery/7/1324/330964/66192763.th2.jpg,Mercedes,C250,2011,
/msg/lv/transport/cars/toyota/yaris/cdlbco.html,https://i.ss.lv/gallery/7/1325/331245/66248991.th2.jpg,Toyota,Yaris,2025,
/msg/lv/transport/cars/peugeot/rifter/cblime.html,https://i.ss.lv/gallery/7/1292/322845/64568914.th2.jpg,Peugeot,Rifter,2024,
/msg/lv/transport/cars/peugeot/rifter/cbjfki.html,https://i.ss.lv/gallery/6/1127/281691/56338149.th2.jpg,Peugeot,Rifter,2023,
/msg/lv/transport/cars/ford/s-max/cfihfp.html,https://i.ss.lv/gallery/7/1326/331330/66265928.th2.jpg,Ford,S-Max,2016,
/msg/lv/transport/cars/volvo/v70/bfcxnj.html,https://i.ss.lv/gallery/7/1268/316875/63374983.th2.jpg,Volvo,V70,2001,
/msg/lv/transport/cars/exclusive-cars/cfkcmp.html,https://i.ss.lv/gallery/7/1297/324133/64826492.th2.jpg,-,-,1996,
/msg/lv/transport/cars/toyota/camry/dnblk.html,https://i.ss.lv/gallery/7/1324/330907/66181328.th2.jpg,Toyota,Camry,2025,
/msg/lv/transport/cars/bmw/x5/biclhd.html,https://i.ss.lv/gallery/7/1326/331329/66265666.th2.jpg,Bmw,X5,2002,
/msg/lv/transport/cars/nissan/pathfinder/ggmbe.html,https://i.ss.lv/gallery/7/1326/331330/66265884.th2.jpg,Nissan,Pathfinder,2013,
/msg/lv/transport/cars/bmw/316/agloc.html,https://i.ss.lv/gallery/7/1293/323121/64624108.th2.jpg,Bmw,316,1988,
/msg/lv/transport/cars/volkswagen/lt/mcgii.html,https://i.ss.lv/gallery/7/1326/331330/66265871.th2.jpg,Volkswagen,LT,2004,
/msg/lv/transport/cars/volkswagen/passat-b4/nhgem.html,https://i.ss.lv/gallery/7/1326/331269/66253661.th2.jpg,Volkswagen,Passat (B4),1995,
/msg/lv/transport/cars/skoda/fabia/biicpf.html,https://i.ss.lv/gallery/7/1326/331270/66253934.th2.jpg,Skoda,Fabia,2005,
/msg/lv/transport/cars/volkswagen/passat-b5/bxdblh.html,https://i.ss.lv/gallery/7/1326/331320/66263820.th2.jpg,Volkswagen,Passat (B5),2003,
/msg/lv/transport/cars/bmw/740/fnnij.html,https://i.ss.lv/gallery/7/1326/331329/66265704.th2.jpg,Bmw,740,2014,
/msg/lv/transport/cars/land-rover/range-rover/ceengm.html,https://i.ss.lv/gallery/7/1326/331327/66265354.th2.jpg,Land Rover,Range Rover,1999,
/msg/lv/transport/cars/opel/vivaro/ccidod.html,https://i.ss.lv/gallery/7/1303/325735/65146841.th2.jpg,Opel,Vivaro,2002,
/msg/lv/transport/cars/volvo/s40/ondjm.html,https://i.ss.lv/gallery/7/1326/331329/66265758.th2.jpg,Volvo,S40,2006,
/msg/lv/transport/cars/toyota/corolla/bimfll.html,https://i.ss.lv/gallery/7/1291/322507/64501352.th2.jpg,Toyota,Corolla,2024,
/msg/lv/transport/cars/ford/fiesta/hgbpg.html,https://i.ss.lv/gallery/7/1318/329277/65855313.th2.jpg,Ford,Fiesta,2011,
/msg/lv/transport/cars/opel/meriva/bcoiib.html,https://i.ss.lv/gallery/7/1318/329278/65855537.th2.jpg,Opel,Meriva,2013,
/msg/lv/transport/cars/mercedes/vito/bbxgo.html,https://i.ss.lv/gallery/7/1326/331330/66265832.th2.jpg,Mercedes,Vito,1998,
/msg/lv/transport/cars/volkswagen/sharan/gckle.html,https://i.ss.lv/gallery/7/1320/329803/65960542.th2.jpg,Volkswagen,Sharan,2011,
/msg/lv/transport/cars/opel/vivaro/bhonfc.html,https://i.ss.lv/gallery/7/1279/319615/63922959.th2.jpg,Opel,Vivaro,2008,
/msg/lv/transport/cars/toyota/c-hr/cbmfge.html,https://i.ss.lv/gallery/7/1282/320363/64072487.th2.jpg,Toyota,C-HR,2025,
/msg/lv/transport/cars/volkswagen/golf-7/ccdnic.html,https://i.ss.lv/gallery/7/1310/327500/65499826.th2.jpg,Volkswagen,Golf 7,2015,
/msg/lv/transport/cars/toyota/yaris/bmpgje.html,https://i.ss.lv/gallery/7/1275/318710/63741960.th2.jpg,Toyota,Yaris,2025,
/msg/lv/transport/cars/bmw/x5/agpfc.html,https://i.ss.lv/gallery/7/1310/327356/65471027.th2.jpg,Bmw,X5,2010,
/msg/lv/transport/cars/audi/a6/bhooxc.html,https://i.ss.lv/gallery/7/1326/331328/66265459.th2.jpg,Audi,A6,2018,
/msg/lv/transport/cars/toyota/auris/bpnfhl.html,https://i.ss.lv/gallery/7/1326/331326/66265100.th2.jpg,Toyota,Auris,2007,
/msg/lv/transport/cars/nissan/primera/gekhl.html,https://i.ss.lv/gallery/7/1324/330948/66189559.th2.jpg,Nissan,Primera,2002,
/msg/lv/transport/cars/toyota/auris/cdmjdg.html,https://i.ss.lv/gallery/7/1326/331329/66265620.th2.jpg,Toyota,Auris,2019,
/msg/lv/transport/cars/mercedes/s500/ecbhn.html,https://i.ss.lv/gallery/7/1285/321003/64200425.th2.jpg,Mercedes,S500,2016,
/msg/lv/transport/cars/volkswagen/crafter/bhnhdf.html,https://i.ss.lv/gallery/7/1326/331328/66265547.th2.jpg,Volkswagen,Crafter,2022,
/msg/lv/transport/cars/peugeot/407/bhcilf.html,https://i.ss.lv/gallery/7/1320/329953/65990432.th2.jpg,Peugeot,407,2006,
/msg/lv/transport/cars/bmw/318/bmelf.html,https://i.ss.lv/gallery/7/1322/330261/66052087.th2.jpg,Bmw,318,2004,
/msg/lv/transport/cars/audi/a6/bkffpj.html,https://i.ss.lv/gallery/7/1326/331329/66265605.th2.jpg,Audi,A6,1996,
/msg/lv/transport/cars/volvo/v50/ccmgkx.html,https://i.ss.lv/gallery/7/1326/331328/66265589.th2.jpg,Volvo,V50,2006,
/msg/lv/transport/cars/mercedes/e220/felfg.html,https://i.ss.lv/gallery/7/1297/324178/64835515.th2.jpg,Mercedes,E220,2018,
/msg/lv/transport/cars/volkswagen/another/cxbgox.html,https://i.ss.lv/gallery/7/1321/330134/66026746.th2.jpg,Volkswagen,Citi,2024,
/msg/lv/transport/cars/bmw/x3/cehpcn.html,https://i.ss.lv/gallery/7/1296/323775/64754826.th2.jpg,Bmw,X3,2013,
/msg/lv/transport/cars/opel/zafira/bjgxfh.html,https://i.ss.lv/gallery/7/1310/327456/65491167.th2.jpg,Opel,Zafira,2014,
/msg/lv/transport/cars/opel/zafira/bkkkxp.html,https://i.ss.lv/gallery/7/1323/330683/66136578.th2.jpg,Opel,Zafira,2010,
/msg/lv/transport/cars/nissan/juke/cbokoi.html,https://i.ss.lv/gallery/7/1326/331328/66265568.th2.jpg,Nissan,Juke,2017,
/msg/lv/transport/cars/opel/zafira/dlegj.html,https://i.ss.lv/gallery/6/1199/299667/59933400.th2.jpg,Opel,Zafira,2016,
/msg/lv/transport/cars/ford/mondeo/enjpc.html,https://i.ss.lv/gallery/7/1308/326838/65367563.th2.jpg,Ford,Mondeo,2008,
/msg/lv/transport/cars/volvo/s80/bddlkf.html,https://i.ss.lv/gallery/7/1300/324978/64995452.th2.jpg,Volvo,S80,2003,
/msg/lv/transport/cars/bmw/x5/bcgmpi.html,https://i.ss.lv/gallery/7/1273/318039/63607757.th2.jpg,Bmw,X5,2011,
/msg/lv/transport/cars/volvo/xc90/cdcikc.html,https://i.ss.lv/gallery/7/1326/331328/66265502.th2.jpg,Volvo,XC 90,2010,
/msg/lv/transport/cars/volvo/xc60/bblfcx.html,https://i.ss.lv/gallery/7/1308/326824/65364791.th2.jpg,Volvo,XC 60,2009,
/msg/lv/transport/cars/opel/zafira/bjbxpp.html,https://i.ss.lv/gallery/7/1317/329041/65808153.th2.jpg,Opel,Zafira,2006,
/msg/lv/transport/cars/volkswagen/polo/bjndbx.html,https://i.ss.lv/gallery/7/1326/331328/66265485.th2.jpg,Volkswagen,Polo,2005,
/msg/lv/transport/cars/volkswagen/polo/imdci.html,https://i.ss.lv/gallery/7/1270/317382/63476291.th2.jpg,Volkswagen,Polo,2011,
/msg/lv/transport/cars/audi/a4/bjnncb.html,https://i.ss.lv/gallery/7/1326/331322/66264284.th2.jpg,Audi,A4,2005,
/msg/lv/transport/cars/peugeot/partner/bihjfm.html,https://i.ss.lv/gallery/7/1320/329806/65961190.th2.jpg,Peugeot,Partner,2018,
/msg/lv/transport/cars/peugeot/308/cffjff.html,https://i.ss.lv/gallery/7/1274/318427/63685363.th2.jpg,Peugeot,308,2018,
/msg/lv/transport/cars/land-rover/range-rover-sport/emxci.html,https://i.ss.lv/gallery/7/1322/330405/66080960.th2.jpg,Land Rover,Range Rover Sport,2017,
/msg/lv/transport/cars/opel/vivaro/cddxkj.html,https://i.ss.lv/gallery/7/1234/308496/61699107.th2.jpg,Opel,Vivaro,2024,
/msg/lv/transport/cars/mercedes/e220/ceiblj.html,https://i.ss.lv/gallery/7/1326/331327/66265398.th2.jpg,Mercedes,E220,2009,
/msg/lv/transport/cars/nissan/juke/cfkbim.html,https://i.ss.lv/gallery/7/1296/323963/64792512.th2.jpg,Nissan,Juke,2013,
/msg/lv/transport/cars/opel/crossland-x/cbokdk.html,https://i.ss.lv/gallery/7/1295/323535/64706848.th2.jpg,Opel,Crossland X,2022,
/msg/lv/transport/cars/audi/q7/bpbehl.html,https://i.ss.lv/gallery/7/1326/331327/66265224.th2.jpg,Audi,Q7,2007,
/msg/lv/transport/cars/volvo/s60/adnkl.html,https://i.ss.lv/gallery/7/1325/331135/66226823.th2.jpg,Volvo,S60,2003,
/msg/lv/transport/cars/hyundai/santa-fe/bocnlo.html,https://i.ss.lv/gallery/7/1306/326418/65283535.th2.jpg,Hyundai,Santa FE,2014,
/msg/lv/transport/cars/opel/mokka/cejemx.html,https://i.ss.lv/gallery/7/1326/331326/66265145.th2.jpg,Opel,Mokka,2022,
/msg/lv/transport/cars/bmw/x5/cdmien.html,https://i.ss.lv/gallery/7/1326/331327/66265256.th2.jpg,Bmw,X5,2008,
/msg/lv/transport/cars/volvo/v60/cbinfp.html,https://i.ss.lv/gallery/7/1318/329415/65882996.th2.jpg,Volvo,V60,2014,
/msg/lv/transport/cars/opel/zafira/bknxdb.html,https://i.ss.lv/gallery/7/1326/331320/66263844.th2.jpg,Opel,Zafira,2012,
/msg/lv/transport/cars/audi/allroad/bfgdoh.html,https://i.ss.lv/gallery/7/1305/326002/65200254.th2.jpg,Audi,Allroad,2016,
/msg/lv/transport/cars/volkswagen/crafter/ccljff.html,https://i.ss.lv/gallery/7/1326/331327/66265264.th2.jpg,Volkswagen,Crafter,2022,
/msg/lv/transport/cars/audi/a4/bcolpf.html,https://i.ss.lv/gallery/7/1316/328947/65789380.th2.jpg,Audi,A4,2010,
/msg/lv/transport/cars/honda/accord/aclhm.html,https://i.ss.lv/gallery/7/1288/321793/64358534.th2.jpg,Honda,Accord,2008,
/msg/lv/transport/cars/volvo/xc90/cdofmb.html,https://i.ss.lv/gallery/7/1321/330034/66006664.th2.jpg,Volvo,XC 90,2006,
/msg/lv/transport/cars/volvo/v60/cxgofi.html,https://i.ss.lv/gallery/7/1319/329626/65925144.th2.jpg,Volvo,V60,2014,
/msg/lv/transport/cars/volkswagen/passat-b8/celmpm.html,https://i.ss.lv/gallery/7/1324/330947/66189208.th2.jpg,Volkswagen,Passat (B8),2021,
/msg/lv/transport/cars/hyundai/santa-fe/blhgjj.html,https://i.ss.lv/gallery/7/1278/319335/63866989.th2.jpg,Hyundai,Santa FE,2023,
/msg/lv/transport/cars/electric-cars/cdelxj.html,https://i.ss.lv/gallery/7/1326/331326/66265145.th2.jpg,Opel,-,2022,
/msg/lv/transport/cars/subaru/outback/cdobkx.html,https://i.ss.lv/gallery/7/1318/329474/65894791.th2.jpg,Subaru,OUTBACK,2012,
/msg/lv/transport/cars/honda/cr-v/binox.html,https://i.ss.lv/gallery/7/1318/329316/65863176.th2.jpg,Honda,Cr-v,2020,
/msg/lv/transport/cars/nissan/qashqai/beoldb.html,https://i.ss.lv/gallery/7/1308/326899/65379685.th2.jpg,Nissan,Qashqai,2012,
/msg/lv/transport/cars/volvo/s90/bpoffk.html,https://i.ss.lv/gallery/7/1318/329428/65885509.th2.jpg,Volvo,S90,2023,
/msg/lv/transport/cars/volvo/s60/bhjxig.html,https://i.ss.lv/gallery/7/1314/328488/65697548.th2.jpg,Volvo,S60,2004,
/msg/lv/transport/cars/bmw/520/dnnln.html,https://i.ss.lv/gallery/7/1326/331311/66262162.th2.jpg,Bmw,520,2015,
/msg/lv/transport/cars/ford/s-max/bkphem.html,https://i.ss.lv/gallery/7/1276/318952/63790342.th2.jpg,Ford,S-Max,2006,
/msg/lv/transport/cars/audi/q5/cfelkp.html,https://i.ss.lv/gallery/7/1292/322784/64556784.th2.jpg,Audi,Q5,2021,
